,商品名,価格
0,Apple純正 AirPods 第2世代 イヤホン MV7N2J/A 充電ケース＋lighteningケーブルのみ イヤホン無し 新品未使用品,7300
1,【新品】AhaStyle AirPods ケース AirPods第2世代と第1世代に適用 (前のL C1876WN7XR,1400
2,送料無料/おまけあり/第2世代/第二世代/2019/新型/新品未使用/正規品/右耳のみ/右のみ/右側のみ/Apple AirPods/エアーポッズ/アップル/む,7000
3,♪新品未開封 Apple AirPods with Charging Case（第2世代) MV7N2J/A ZM-2554,17000
4,【新品未開封】Apple MV7N2J/A AirPods 第2世代,17500
5,Apple AirPods2 MV7N2J/A エアーポッズ 第2世代 ワイヤレスイヤホン 新品未開封,18000
6,[新品未使用品]AirPods with Wireless Charging Case (エアーポッズ/第2世代) 2019年 新型 ブルートゥースイヤホン 【純正】Bluetooth,18000
7,[送料無料][新品未開封][保証あり]Apple AirPods with Charging Case (第2世代) アップル エアーポッズ 完全ワイヤレスイヤホン MV7N2J/A,18390
8,新品未開封 AirPods 第2世代 Apple MRXJ2J/A AirPods with Wireless Charging Case 同梱可,21000
9,Apple純正 AirPods 第2世代 イヤホン MV7N2J/A 充電ケース＋lighteningケーブルのみ イヤホン無し 新品未使用品,7300
10,Apple純正 AirPods 第2世代 左 イヤホン MV7N2J/A 左耳のみ 新品未使用品,7200
11,Apple 純正 AirPods第2世代新品MV7N2J/A 充電ケース＋Lightningケーブルのみ イヤホン無し,6500
12,[新品未使用品]AirPods (エアーポッズ/第2世代) with Charging Case 2019年 新型 MV7N2J/A 【純正】 Bluetooth,19000
13,Apple AirPods2 MV7N2J/A エアーポッズ 第2世代 ワイヤレスイヤホン 新品未開封,18000
14,airpods 第2世代 右耳 新品 未使用品,7050
15,【新品 未使用 未開封】第2世代モデル AirPods with Wireless Charging Case MRXJ2J/A,21500
16,Apple純正 AirPods 第2世代 イヤホン MV7N2J/A 充電ケース＋lighteningケーブルのみ イヤホン無し 新品未使用品,7300
17,Apple AirPods with Charging Case 2019年モデル 第2世代 MV7N2J/A 新品 正規品送料無料！,17500
18,Apple AirPods with Charging Case 2019年モデル 第2世代 MV7N2J/A 新品 正規品 純正品,17900
19,▽Apple▽ MRXJ2J/A AirPods with Wireless Charging Case ワイヤレスイヤホン Bluetooth 第2世代 ●純正品● 【新品未開封品】L02581,18500
20,[新品未使用品]AirPods with Wireless Charging Case (エアーポッズ/第2世代) 2019年 新型 ブルートゥースイ フルワイヤレス ワイヤレス,20100
21,[送料無料][新品未開封][保証あり]Apple Wireless Charging Case for AirPods (第2世代) アップル エアーポッズ ワイヤレス充電 MR8U2J/A,8890
22,即決！新品！AirPods (エアーポッズ/第2世代) 2019年 新型 MV7N2J/A,17500
23,送料無料/おまけあり/第2世代/第二世代/2019/新型/新品未使用/正規品/左耳のみ/左のみ/左側のみ/Apple AirPods/エアーポッズ/アップル/く,7000
24,★即決・新品★AirPods (エアーポッズ/第2世代) with Charging Case 2019年 国内正規品 MV7N2J/A★送料無料,18300
25,Apple AirPods2 MV7N2J/A エアーポッズ 第2世代 ワイヤレスイヤホン 新品未開封,18000
26,★新品未開封★ Apple AirPods エアーポッズ 第2世代 with Charging case 2019年新型 MV7N2J/A,18900
27,【送料無料】【新品未使用品】第２世代Apple純正 airpods右のみR 国内正規品 右耳,7200
28,【送料無料】【新品未使用】第２世代Apple純正 airpods左のみL 国内正規品 左耳,7300
29,★Apple AirPods2 MV7N2J/A エアーポッズ 第2世代 ワイヤレスイヤホン 新品未開封★,16100
30,[新品未使用品]AirPods (エアーポッズ/第2世代) with Charging Case 2019年 新型 MV7N2J/A 【純正】 [ワイヤレス(左右分離) /Bluetooth],19000
31,Apple純正 AirPods 第2世代 イヤホン MV7N2J/A 充電ケース＋lighteningケーブルのみ イヤホン無し 新品未使用品,7300
32,新品未開封品 AirPods Charging Case付き 第2世代 MV7N2J/A エアポッズ Apple ワイヤレスイヤホン,18500
33,◎送料無料◎【新品 未開封】 Apple AirPods MRXJ2J/A AirPods with Wireless Charging Case 第2世代 Bluetooth 完全ワイヤレスイヤホン,20600
34,【送料無料】【新品未使用品】第２世代Apple純正 airpods右のみR 国内正規品 右耳,7300
35,★新品未開封 送料無料 即決★ APPLE 正規品 AirPods (第2世代) with Charging Case ワイヤレスイヤホン MV7N2J/A新型,17501
36,★即決 新品未開封 送料無料★ APPLE 正規品 AirPods (第2世代) with Charging Case ワイヤレスイヤホン MV7N2J/A新型,17501
37,【新品未開封】 Apple 純正 AirPods エアーポッズ with Charging Case 第2世代 2019年 MV7N2J/A アップル ワイヤレスイヤホン 送料無料,17000
38,【送料無料】 Apple 純正品 AirPods 第2世代 MV7N2J/A 左のみ L 新品,7100
39,新品未開封 Apple AirPods with Wireless Charging Case 第2世代,19500
40,[新品未使用品]AirPods with Wireless Charging Case (エアーポッズ/第2世代) 2019年 新型 【純正】 [ワイヤレス(左右分離) /Bluetooth],18500
41,即決 新品未開封 送料込 Apple AirPods2 MV7N2J/A アップル エアーポッズ 第2世代 ワイヤレスイヤホン,18000
42,新品未開封第2世代 Apple AirPods with Charging CaseMV7N2J/A  Bluetooth保証書レシート付き,17000
43,1円～新品 Apple(アップル)AirPods with Wireless Charging Case 第2世代 MRXJ2J/A⑥,21500
44,1円～新品 Apple(アップル)AirPods with Wireless Charging Case 第2世代 MRXJ2J/A⑤,21501
45,1円～新品 Apple(アップル)AirPods with Wireless Charging Case 第2世代 MRXJ2J/A③,21000
46,1円～新品 Apple(アップル)AirPods with Wireless Charging Case 第2世代 MRXJ2J/A②,21000
47,1円～新品 Apple(アップル)AirPods with Wireless Charging Case 第2世代 MRXJ2J/A①,21000
48,1円～新品 Apple(アップル)AirPods with Wireless Charging Case 第2世代 MRXJ2J/A⑦,21040
49,1円～新品 Apple(アップル)AirPods with Wireless Charging Case 第2世代 MRXJ2J/A⑧,21010
50,1円～新品 Apple(アップル)AirPods with Wireless Charging Case 第2世代 MRXJ2J/A④,20000
51,新品未開封（純正品）AirPods with Wireless Charging Case (エアーポッズ/第2世代) 2019年 新型 ブルートゥースイヤホン,17500
52,Apple AirPods2 MV7N2J/A エアーポッズ 第2世代 ワイヤレスイヤホン 新品未開封,18000
53,送料無料/おまけあり/第2世代/第二世代/2019/新型/新品未使用/正規品/左耳のみ/左のみ/左側のみ/Apple AirPods/エアーポッズ/アップル/め,7000
54,☆★新品 人気NO.1★☆ ケース 【改良版】AirPods B-C5 軽量小型 AirPods第1世代と第2世代に対応 Apple AirPods,100
55,Apple純正 AirPods 第2世代 左 イヤホン MV7N2J/A 左耳のみ 新品未使用品,7200
56,【送料無料】【新品未使用品】第２世代Apple純正 airpods右のみR 国内正規品 右耳,7300
57,Apple純正 AirPods 第2世代 イヤホン MV7N2J/A 充電ケース＋lighteningケーブルのみ イヤホン無し 新品未使用品,7300
58,★即決・新品★AirPods (エアーポッズ/第2世代) with Charging Case 2019年 国内正規品 MV7N2J/A★送料無料,18300
59,☆送料無料☆即決☆新品☆ Apple純正品 アップル AirPods with Charging Case MV7N2J/A (第2世代) ワイヤレスBluetooth イヤホン,18480
60,[新品未使用品]AirPods (エアーポッズ/第2世代) with Charging Case 2019年 新型 Bluetooth MV7N2J/A 【純正】,19457
61,【送料無料】 Apple 純正品 AirPods 第2世代 MV7N2J/A 左のみ L 新品,7100
62,[新品未使用品]AirPods (エアーポッズ/第2世代) with Charging Case 2019年 新型 MV7N2J/A 【純正】 Bluetooth,19000
63,★送料無料 新品未開封★ APPLE 正規品 AirPods (第2世代) with Charging Case ワイヤレスイヤホン MV7N2J/A新型,18000
64,新品未使用未開封 Apple AirPods (エアーポッズ/第2世代) with Charging Case 2019年 国内正規品 MV7N2J/A,18000
65,θ【Sランク/新品未開封】Apple AirPods with Charging Case（第2世代） MV7N2J/A 完品 KA-4252,16500
66,[1円から] 新品未開封 Apple AirPods 第2世代 - ワイヤレス充電 (with Wireless Charging Case),20000
67,新品未開封 Apple AirPods with Wireless Charging Case 第2世代,21000
68,[新品未使用品]AirPods with Wireless Charging Case (エアーポッズ/第2世代) 2019年 新型 ブルートゥースイヤホン 【純正】Bluetooth,19500
69,即決 新品未開封 送料込 Apple AirPods2 MV7N2J/A アップル エアーポッズ 第2世代 ワイヤレスイヤホン,18000
70,新品・国内正規★AirPods (エアーポッズ/第2世代) with Charging Case 2019年 MV7N2J/A★送料無料,18350
71,新品未開封 Apple AirPods 第2世代 正規品 MV7N2J/A,18500
72,[新品未使用品]AirPods with Wireless Charging Case (エアーポッズ/第2世代) 2019年 新型 ブルートゥースイ フルワイヤレス ワイヤレス,19000
73,Apple純正 AirPods 第2世代 イヤホン MV7N2J/A 充電ケース＋lighteningケーブルのみ イヤホン無し 新品未使用品,7300
74,★即決・新品★AirPods (エアーポッズ/第2世代) with Charging Case 2019年 国内正規品 MV7N2J/A★送料無料,18300
75,アップル(Apple) 最新 第2世代 MV7N2J/A AirPods withCharging Caseワイヤレスヘッドフォン 送料無料 最安 新品未開封,17820
76,Apple AirPods2 MV7N2J/A エアーポッズ 第2世代 ワイヤレスイヤホン 新品未開封,18000
77,送料無料/おまけあり/第2世代/第二世代/2019/新型/新品未使用/正規品/左耳のみ/左のみ/左側のみ/Apple AirPods/エアーポッズ/アップル/め,7000
78,ほぼ新品 Apple AirPods Charging Case 第2世代 アップル エアー エア ポッズ ポッツ イヤホン イヤフォン,17000
79,Apple純正 AirPods 第2世代 イヤホン MV7N2J/A 充電ケース＋lighteningケーブルのみ イヤホン無し 新品未使用品,7300
80,Apple純正 AirPods 第2世代 右 イヤホン MV7N2J/A 右耳のみ 新品未使用品,7200
81,送料無料 新品未使用未開封 Apple AirPods (エアーポッズ/第2世代) with Charging Case 2019年 国内正規品 MV7N2J/A 量販店納品書有,17500
82,★送料無料★【新品 未開封】 Apple AirPods MV7N2J/A Air Pods with Charging Case 第2世代 完全ワイヤレスイヤホン Bluetooth,18500
83,◎送料無料◎【新品 未開封】 Apple AirPods MRXJ2J/A AirPods with Wireless Charging Case 第2世代 Bluetooth 完全ワイヤレスイヤホン,21500
84,新品未開封 AirPods with Charging Case MV7N2J/A (第2世代),16000
85,新品 目玉 ケース 【改良版】AirPods B-C5 軽量小型 AirPods第1世代と第2世代に対応 Apple AirPods,460
86,Apple AirPods with Charging Case(第2世代)Bluetooth ワイヤレスイヤホン MV7N2J/A 【新品未開封】,15000
87,【送料無料】 Apple 純正品 AirPods 第2世代 MV7N2J/A 左のみ 新品,7100
88,Apple純正 AirPods 第2世代 イヤホン MV7N2J/A 充電ケース＋lighteningケーブルのみ イヤホン無し 新品未使用品,7300
89,送料無料即決新品新製品 Apple アップル第2世代AirPods （エアポッド） with Charging CaseMV7N2J/Aワイヤレスイヤホン,18500
90,送料無料/おまけあり/第2世代/第二世代/2019/新型/新品未使用/正規品/左耳のみ/左のみ/左側のみ/Apple AirPods/エアーポッズ/アップル/る,7000
91,Apple AirPods2 MV7N2J/A エアーポッズ 第2世代 ワイヤレスイヤホン 新品未開封,18000
92,Apple純正 AirPods 第2世代 イヤホン MV7N2J/A 充電ケース＋lighteningケーブルのみ イヤホン無し 新品未使用品,7300
93,【送料無料】【新品未使用品】第２世代Apple純正 airpods右のみR 国内正規品 右耳,7300
94,[新品未使用品]AirPods with Wireless Charging Case (エアーポッズ/第2世代) 2019年 新型 【純正】 [ワイヤレス(左右分離) /Bluetooth],20000
95,Apple AirPods2 MV7N2J/A エアーポッズ 第2世代 ワイヤレスイヤホン 新品未開封,18000
96,[新品未使用品]AirPods (エアーポッズ/第2世代) with Charging Case 2019年 新型 MV7N2J/A 【純正】 Bluetooth,18110
97,[新品未使用品]AirPods (エアーポッズ/第2世代) with Charging Case 2019年 新型 Bluetooth MV7N2J/A 【純正】,18800
98,1個売り新品AirPods エアポッズ第2世代2019年7月27日購入 新型 Bluetooth MV7N2J/A未使用未開封品レシート付き,17000
99,☆新品☆ アップル Apple AirPods with Charging Case MV7N2J/A 第２世代 ワイヤレスイヤホン 送料無料！,17510
100,Apple 純正 AirPods第2世代新品MV7N2J/A イヤホンのみ 両耳セット 充電ケースケーブル無し,13500
101,【送料無料】 apple 純正品 AirPods 第2世代 MV7N2J/A 左のみ 新品,7100
102,Apple純正 AirPods 第2世代 イヤホン MV7N2J/A 充電ケース＋lighteningケーブルのみ イヤホン無し 新品未使用品,7300
103,[新品未使用品]AirPods (エアーポッズ/第2世代) with Charging Case 2019年 新型 MV7N2J/A 【純正】 [ワイヤレス(左右分離) /Bluetooth],19000
104,【送料無料】【新品未使用品】第２世代Apple airpods 両耳セット 国内正規品 MV7N2J/A,14000
105,Apple純正 AirPods 第2世代 右 イヤホン MV7N2J/A 右耳のみ 新品未使用品,7200
106,【1円～】AirPods with Charging Case 第2世代 MV7N2J/A Apple 【新品未開封】,17500
107,新品未開封 Apple AirPods with Wireless Charging Case 第2世代,21500
108,★新品未開封 送料無料★ APPLE 正規品 AirPods (第2世代) with Charging Case ワイヤレスイヤホン MV7N2J/A新型,17000
109,【新品未開封】Apple MRXJ2J/A AirPods 第2世代正規品,20000
110,新品未使用エアポッズ第2世代2019年8月1日購入 新型 Bluetooth MV7N2J/AAirPods with Charging Case未開封品,17000
111,新品 未使用 未開封 第２世代 AirPods with Wireless Charging ワイヤレス充電 MRXJ2J/A 格安 即決あり,19000
112,★送料無料 新品未開封★ APPLE 正規品 AirPods (第2世代) with Charging Case ワイヤレスイヤホン MV7N2J/A新型,17001
113,[新品未使用品]AirPods with Wireless Charging Case (エアーポッズ/第2世代) 2019年 新型 ブルートゥースイヤホン 【純正】Bluetooth,24000
114,送料無料 新品未使用未開封 Apple AirPods (エアーポッズ/第2世代) with Charging Case 2019年 国内正規品 MV7N2J/A 量販店納品書有,17500
115,Apple純正 AirPods 第2世代 イヤホン MV7N2J/A 充電ケース＋lighteningケーブルのみ イヤホン無し 新品未使用品,7300
116,【新品未開封】Apple AirPods2 MV7N2J/A アップル エアーポッズ 第2世代 ワイヤレスイヤホン,17000
117,Apple純正 AirPods 第2世代 左 イヤホン MV7N2J/A 左耳のみ 新品未使用品,7200
118,Apple純正 AirPods 第2世代 右 イヤホン MV7N2J/A 右耳のみ 新品未使用品,7200
119,Apple純正 AirPods 第2世代 左 イヤホン MV7N2J/A 左耳のみ 新品未使用品,7200
120,Apple AirPods2 MV7N2J/A エアーポッズ 第2世代 ワイヤレスイヤホン 新品未開封,18000
121,Apple純正 AirPods 第2世代 イヤホン MV7N2J/A 充電ケースのみ 新品未使用品,7000
122,【送料無料】【新品未使用品】第２世代Apple airpods 両耳セット 国内正規品 MV7N2J/A,14000
123,Apple純正 AirPods 第2世代 イヤホン MV7N2J/A 充電ケース＋lighteningケーブルのみ イヤホン無し 新品未使用品,7300
124,[新品未使用品]AirPods with Wireless Charging Case (エアーポッズ/第2世代) 2019年 新型 ブルートゥースイヤホン 【純正】Bluetooth,21500
125,[新品未使用品]AirPods with Wireless Charging Case (エアーポッズ/第2世代) 2019年 新型 【純正】 [ワイヤレス(左右分離) /Bluetooth],22000
126,日曜ヤフオクくじ対応送料無料新品未開封アップルApple AirPods with charging case MV7N2J/A （第2世代）アップルイヤホン,18050
127,[新品未使用品]AirPods (エアーポッズ/第2世代) with Charging Case 2019年 新型 MV7N2J/A 【純正】 [ワイヤレス(左右分離) /Bluetooth],18000
128,Apple AirPods2 MV7N2J/A エアーポッズ 第2世代 ワイヤレスイヤホン 新品未開封,18000
129,第2世代モデル AirPods with Wireless Charging Case MRXJ2J/A 新品未開封,22800
130,Apple AirPods2 MV7N2J/A エアーポッズ 第2世代 ワイヤレスイヤホン 新品未開封,18000
131,新品 未使用 未開封 第２世代 AirPods with Wireless Charging ワイヤレス充電 MRXJ2J/A 格安 即決あり,21800
132,k161*80【新品未開封】Apple Airpods 第2世代 with charging case MV7N2J/A ワイヤレスイヤホン,15200
133,送料無料/おまけあり/第2世代/第二世代/2019/新型/新品未使用/正規品/左耳のみ/左のみ/左側のみ/Apple AirPods/エアーポッズ/アップル/も,7000
134,◆新品未開封【Sランク】Apple AirPods with Wireless Charging Case 第2世代 MRXJ2J/A KOU-322,20000
135,◆新品未開封【Sランク】Apple AirPods with Wireless Charging Case 第2世代 MRXJ2J/A KOU-328,20000
136,【新品未開封】 Apple 純正 AirPods エアーポッズ with Charging Case 第2世代 2019年 MV7N2J/A アップル ワイヤレスイヤホン 送料無料,17000
137,[新品未使用品]AirPods (エアーポッズ/第2世代) with Charging Case 2019年 新型 Bluetooth MV7N2J/A 【純正】,17000
138,[新品未使用品]AirPods (エアーポッズ/第2世代) with Charging Case 2019年 新型 MV7N2J/A 【純正】 Bluetooth,18000
139,111F324 新品未開封 Apple AirPods2 MV7N2J/A アップル エアーポッズ 第2世代 ワイヤレスイヤホン,17200
140,1個売り新品AirPods エアポッズ第2世代2019年7月27日購入 新型 Bluetooth MV7N2J/A未使用未開封品レシート付き,17000
141,送料無料/おまけあり/第2世代/第二世代/2019/新型/新品未使用/正規品/右耳のみ/右のみ/右側のみ/Apple AirPods/エアーポッズ/アップル/も,7000
142,送料込み新品未開封品AirPods Wireless Charging Case付き 第2世代 エアポッズ Apple ワイヤレスイヤホン,21000
143,Apple純正 AirPods 第2世代 イヤホン MV7N2J/A 充電ケース＋lighteningケーブルのみ イヤホン無し 新品未使用品,7300
144,★新品★AirPods (エアーポッズ/第2世代) with Charging Case 2019年 国内正規品 MV7N2J/A★送料無料,18500
145,新品・国内正規★AirPods (エアーポッズ/第2世代) with Charging Case 2019年 MV7N2J/A★送料無料,18400
146,Apple AirPods2 MV7N2J/A エアーポッズ 第2世代 ワイヤレスイヤホン 新品未開封,18000
147,新品 未開封 第2世代 第二世代 Apple AirPodswith Charging Case MV7N2J/A,16500
148,【送料無料/新品未開封】 Apple AirPods with Wireless Charging Case 第2世代 MRXJ2J/A,20000
149,【1円～】AirPods with Charging Case 第2世代 MV7N2J/A Apple 【新品未開封】,17500
150,Apple純正 AirPods 第2世代 右 イヤホン MV7N2J/A 右耳のみ 新品未使用品,7200
151,★送料無料★新品未使用品 エアーポッズ AirPods Apple MMEF2J/A 第2世代,17000
152,新品未開封品 Apple AirPods with Wireless Charging Cace（最新モデル） ワイヤレス充電ケース付属 第2世代 定価24624円（税込）,20000
153,新品・国内正規★AirPods (エアーポッズ/第2世代) with Charging Case 2019年 MV7N2J/A★送料無料,18000
154,☆☆新品 大人気☆☆ Apple L-park J-N6 AirPods ケース 第2世代 カバー シリコン 保護 iPhone XS/iPhone XS Max/iPhone XR/iPhone X,100
155,Apple純正 AirPods 第2世代 イヤホン MV7N2J/A 充電ケース＋lighteningケーブルのみ イヤホン無し 新品未使用品,7300
156,【送料無料】 apple 純正品 AirPods 第2世代 MV7N2J/A 充電ケースのみ 新品,6800
157,☆新品 未開封品 第2世代 Apple アップル AirPods with Charging Case MV7N2J/A ワイヤレス イヤホン,16000
158,[新品未使用品]AirPods with Wireless Charging Case (エアーポッズ/第2世代) 2019年 新型 ブルートゥースイヤホン 【純正】Bluetooth,17900
159,[送料無料][新品未開封][保証あり]Apple Wireless Charging Case for AirPods (第2世代) アップル エアーポッズ ワイヤレス充電 MR8U2J/A,8890
160,【送料無料】【新品未使用品】第２世代Apple airpods 両耳セット 国内正規品 MV7N2J/A,14000
161,[新品未使用品]AirPods (エアーポッズ/第2世代) with Charging Case 2019年 新型 Apple 純正品,17500
162,送料無料/おまけあり/第2世代/第二世代/2019/新型/新品未使用/正規品/右耳のみ/右のみ/右側のみ/Apple AirPods/エアーポッズ/アップル/O,7000
163,送料無料第2世代Apple AirPodsMV7N2J/A新品,17777
164,送料無料第2世代Apple AirPodsMV7N2J/A新品,17777
165,Apple純正 AirPods 第2世代 イヤホン MV7N2J/A 充電ケース＋lighteningケーブルのみ イヤホン無し 新品未使用品,7300
166,新品未使用品 Apple AirPods (エアーポッズ/第2世代) with Charging Case 2019年 新型 MV7N2J/A 純正 ワイヤレス /Bluetooth①,18800
167,[新品未使用品]AirPods with Wireless Charging Case (エアーポッズ/第2世代) 2019年 新型 【純正】 [ワイヤレス(左右分離) /Bluetooth],24000
168,[新品未使用品]AirPods (エアーポッズ/第2世代) with Charging Case 2019年 新型 MV7N2J/A 【純正】 Bluetooth,19000
169,★ 新品未開封 第2世代AirPods With Charging Case★アップル エアーポッズ,17500
170,[新品未使用品]AirPods (エアーポッズ/第2世代) with Charging Case 2019年 新型 MV7N2J/A 【純正】 Bluetooth,18000
171,[新品未使用品]AirPods (エアーポッズ/第2世代) with Charging Case 2019年 新型 Bluetooth MV7N2J/A 【純正】,17500
172,[新品未使用品]AirPods with Wireless Charging Case (エアーポッズ/第2世代) 2019年 新型 【純正】 [ワイヤレス(左右分離) /Bluetooth],19000
173,新品未開封アップルApple AirPods with charging case MV7N2J/A （第2世代）アップルイヤホン,17000
174,Apple(アップル) AirPods with Charging Case MV7N2J/A 第2世代 Bluetooth ワイヤレスイヤホン 本体 未開封新品,17600
175,Apple純正 AirPods 第2世代 イヤホン MV7N2J/A 充電ケース＋lighteningケーブルのみ イヤホン無し 新品未使用品,7300
176,☆★新品 未使用★☆ AirPods A-Focus L-3R AirPods第1世代と第2世代普通型用 （Blue12） 用 ダストガード エアーポッズ,219
177,送料無料 1円～ AirPods 第2世代 ワイヤレスイヤフォン 新品,18000
178,☆AirpodsエアポッズApple新品未開封第2世代MV7N2J/A☆,17000
179,[送料無料][新品未開封][保証あり]Apple AirPods with Charging Case (第2世代) アップル エアーポッズ 完全ワイヤレスイヤホン MV7N2J/A,18290
180,新品 未開封 AirPods MV7N2J/A 第2世代,17780
181,【送料無料】【新品未使用品】第２世代Apple airpods 両耳セット 国内正規品 MV7N2J/A,14000
182,送料無料即決新品新製品 Apple アップル第2世代AirPods （エアポッド） with Charging CaseMV7N2J/Aワイヤレスイヤホン,18500
183,新品未開封 Apple AirPods (エアーポッズ/第2世代) with Charging Case 2019年 国内正規品 MV7N2J/A 送料無料 量販店購入品,17500
184,【新品未開封】第2世代 Apple AirPods with Charging Case「MV7N2J/A」,18000
185,Apple純正 AirPods 第2世代 イヤホン MV7N2J/A 充電ケース＋lighteningケーブルのみ イヤホン無し 新品未使用品,7300
186,☆未開封新品★AirPods (エアーポッズ/第2世代) ★無線充電器ケースセット★MRXJ2J/A [ワイヤレスBluetooth]★送料込★保証書有☆,19500
187,【新品未開封】 Apple 純正 AirPods エアーポッズ with Charging Case 第2世代 2019年 MV7N2J/A アップル ワイヤレスイヤホン 送料無料,18000
188,[新品未使用品]AirPods (エアーポッズ/第2世代) with Charging Case 2019年 新型 MV7N2J/A 【純正】 Bluetooth,17500
189,【新品未使用品+送料無料】Apple AirPods with Wireless Charging Case(第2世代、ワイヤレス充電),19500
190,[新品未使用品]AirPods (エアーポッズ/第2世代) with Charging Case 2019年 新型 Apple 純正品,17500
191,★新品未開封 送料無料★ APPLE 正規品 AirPods (第2世代) with Charging Case ワイヤレスイヤホン MV7N2J/A新型,18000
192,値下げ 新品未開封 Apple AirPods (エアーポッズ/第2世代) with Charging Case 2019年 国内正規品 MV7N2J/A 納品書有 送料無料,17000
193,[新品未使用品]AirPods (エアーポッズ/第2世代) with Charging Case 2019年 新型 MV7N2J/A 【純正】 [ワイヤレス(左右分離) /Bluetooth],17000
194,日曜ヤフオクくじ対応送料無料新品未開封アップルApple AirPods with charging case MV7N2J/A （第2世代）アップルイヤホン,17500
195,1円～新品 Apple(アップル)AirPods with Wireless Charging Case 第2世代 MRXJ2J/A④,19000
196,1円～新品 Apple(アップル)AirPods with Wireless Charging Case 第2世代 MRXJ2J/A③,19500
197,1円～新品 Apple(アップル)AirPods with Wireless Charging Case 第2世代 MRXJ2J/A②,19500
198,1円～新品 Apple(アップル)AirPods with Wireless Charging Case 第2世代 MRXJ2J/A①,19500
199,【送料無料】 apple 純正品 AirPods 第2世代 MV7N2J/A 充電ケースのみ 新品,6800
200,Apple 純正 AirPods第2世代新品MV7N2J/A 充電ケース＋Lightningケーブルのみ イヤホン無し,6800
201,【送料無料】 apple 純正品 AirPods 第2世代 MV7N2J/A 充電ケースのみ 新品 .,6800
202,Apple正規品AirPods新品MV7N2J/Aエアポッズ 第2世代最新モデル,18800
203,[新品未使用品]AirPods with Wireless Charging Case (エアーポッズ/第2世代) 2019年 新型 ブルートゥースイヤホン 【純正】Bluetooth,17000
204,[新品未使用品]AirPods with Wireless Charging Case (エアーポッズ/第2世代) 2019年 新型 【純正】 [ワイヤレス(左右分離) /Bluetooth],19520
205,[新品未使用品]AirPods (エアーポッズ/第2世代) with Charging Case 2019年 新型 Bluetooth MV7N2J/A 【純正】,17000
206,【送料無料】【新品未使用品】第２世代Apple airpods 両耳セット 国内正規品 MV7N2J/A,14000
207,Apple 純正 AirPods第2世代新品MV7N2J/A イヤホンのみ 両耳セット 充電ケースケーブル無し,13700
208,Apple 純正 AirPods第2世代新品MV7N2J/A 充電ケース＋Lightningケーブルのみ イヤホン無し,7200
209,【送料無料】【新品未使用品】第２世代Apple airpods 両耳セット 国内正規品 MV7N2J/A,14000
210,[新品未使用品]AirPods (エアーポッズ/第2世代) with Charging Case 2019年 新型 MV7N2J/A 【純正】 Bluetooth,17700
211,★新品★AirPods (エアーポッズ/第2世代) with Charging Case 2019年 国内正規品 MV7N2J/A★送料無料,18640
212,即決 新品未開封 送料込 Apple AirPods2 MV7N2J/A アップル エアーポッズ 第2世代 ワイヤレスイヤホン エアポッド,18500
213,Apple純正 AirPods 第2世代 右 イヤホン MV7N2J/A 右耳のみ 新品未使用品,7200
214,新品未開封 Apple 2019 第2世代 AirPods with Charging Case MV7N2J/A 完全ワイヤレス Bluetooth イヤホン エアーポッズ,18000
215,■■ Apple [アップル] 第2世代 AirPods with Charging Case MV7N2J/A 未開封新品■■,18400
216,♪♪7741 未開封新品 AirPods 第2世代 with Wireless Charging Case MRXJ2J/A ワイヤレ 左右分離 Bluetooth 保証書有♪♪,19000
217,[新品未使用品]AirPods (エアーポッズ/第2世代) with Charging Case 2019年 新型 MV7N2J/A 【純正】 [ワイヤレス(左右分離) /Bluetooth],19000
218,【送料無料】【新品未使用】第２世代Apple純正 airpods左のみL 国内正規品 左耳,7300
219,【送料無料】【新品未使用品】第２世代Apple airpods 両耳セット 国内正規品 MV7N2J/A,14000
220,Apple AirPods2 MV7N2J/A エアーポッズ 第2世代 ワイヤレスイヤホン 新品未開封,18000
221,アップル(Apple) 最新 第2世代 MV7N2J/A AirPods withCharging Caseワイヤレスヘッドフォン新品未開封,17500
222,Apple純正 AirPods 第2世代 左 イヤホン MV7N2J/A 左耳のみ 新品未使用品,7200
223,Apple(アップル) AirPods with Charging Case MV7N2J/A 第2世代 Bluetooth ワイヤレスイヤホン 本体 未開封新品,17500
224,★新品★AirPods (エアーポッズ/第2世代) with Charging Case 2019年 国内正規品 MV7N2J/A★送料無料,18640
225,Apple純正 AirPods 第2世代 イヤホン MV7N2J/A 充電ケース＋lighteningケーブルのみ イヤホン無し 新品未使用品,7300
226,1個売り新品未使用未開封品AirPods エアーポッズ第2世代2019年7月27日購入 新型 Bluetooth MV7N2J/A,17000
227,【新品未開封】AirPods Apple ワイヤレスイヤホン アップル MRXJ2J/A 第2世代 Wireless Charging Case 数量2,21500
228,【送料無料】【新品未使用品】第２世代Apple純正 airpods右のみR 国内正規品 右耳 a,7300
229,送料無料/おまけあり/第2世代/第二世代/2019/新型/新品未使用/正規品/左耳のみ/左のみ/左側のみ/Apple AirPods/エアーポッズ/アップル/M,7000
230,Apple純正 AirPods 第2世代 右 イヤホン MV7N2J/A 右耳のみ 新品未使用品,7200
231,Apple純正 AirPods 第2世代 イヤホン MV7N2J/A 充電ケース＋lighteningケーブルのみ イヤホン無し 新品未使用品,7300
232,Apple正規品AirPods新品MV7N2J/Aエアポッズ 第2世代最新モデル,18500
233,[新品未使用品]AirPods with Wireless Charging Case (エアーポッズ/第2世代) 2019年 新型 ブルートゥースイヤホン 【純正】Bluetooth,17500
234,Apple純正 AirPods 第2世代 左 イヤホン MV7N2J/A 左耳のみ 新品未使用品,7200
235,【送料無料】 apple 純正品 AirPods 第2世代 MV7N2J/A 右のみ 新品,7200
236,送料無料/おまけあり/第2世代/第二世代/2019/新型/新品未使用/正規品/右耳のみ/右のみ/右側のみ/Apple AirPods/エアーポッズ/アップル/J,7000
237,Apple純正 AirPods 第2世代 イヤホン MV7N2J/A 充電ケース＋lighteningケーブルのみ イヤホン無し 新品未使用品,7300
238,[送料無料][新品未開封][保証あり]Apple Wireless Charging Case for AirPods (第2世代) アップル エアーポッズ ワイヤレス充電 MR8U2J/A,10290
239,■■ Apple [アップル] 第2世代 AirPods with Wireless Charging Case MRXJ2J/A未開封新品■■,19900
240,[送料無料][新品未開封]Apple Wireless Charging Case for AirPods (第2世代) アップル エアーポッズ ワイヤレス充電 MR8U2J/A,8480
241,【AirPods 第2世代】 Apple MV7N2J/A 新品未使用品,17610
242,送料無料/おまけあり/第2世代/第二世代/2019/新型/新品未使用/正規品/左耳のみ/左のみ/左側のみ/Apple AirPods/エアーポッズ/アップル/O,7000
243,Apple(アップル) AirPods with Charging Case MV7N2J/A 第2世代 Bluetooth ワイヤレスイヤホン 本体 未開封新品,17500
244,Apple AirPods2 MV7N2J/A エアーポッズ 第2世代 ワイヤレスイヤホン 新品未開封,18000
245,Apple AirPods2 MV7N2J/A エアーポッズ 第2世代 ワイヤレスイヤホン 新品未開封,18000
246,【送料無料】【新品未使用品】第２世代Apple airpods 両耳セット 国内正規品 MV7N2J/A,14000
247,【送料無料】【新品未使用品】第２世代Apple airpods 両耳セット 国内正規品 MV7N2J/A,14000
248,[新品未使用品]AirPods with Wireless Charging Case (エアーポッズ/第2世代) 2019年 新型 【純正】 [ワイヤレス(左右分離) /Bluetooth],24000
249,即決 新品未開封 送料込 Apple AirPods2 MV7N2J/A アップル エアーポッズ 第2世代 ワイヤレスイヤホン エアポッド,18500
250,★Apple AirPods2 MV7N2J/A エアーポッズ 第2世代 ワイヤレスイヤホン 新品未開封★,16700
251,[新品未使用品]AirPods (エアーポッズ/第2世代) with Charging Case 2019年 新型 MV7N2J/A 【純正】 Bluetooth,19000
252,[新品未使用品]AirPods (エアーポッズ/第2世代) with Charging Case 2019年 新型 Bluetooth MV7N2J/A 【純正】,19500
253,★新品★AirPods (エアーポッズ/第2世代) with Charging Case 2019年 国内正規品 MV7N2J/A★送料無料,18640
254,即決 新品未開封 送料込 Apple AirPods2 MV7N2J/A アップル エアーポッズ 第2世代 ワイヤレスイヤホン,18500
255,[新品未使用品]AirPods (エアーポッズ/第2世代) with Charging Case 2019年 新型 MV7N2J/A 【純正】 [ワイヤレス(左右分離) /Bluetooth],19000
256,【送料無料】【新品未使用】第２世代Apple純正 airpods左のみL 国内正規品 左耳a,7300
257,新品☆AirPods with Charging Case 第2世代 MV7N2J/A,18000
258,②1スタ！1円～新品未使用 第2世代 Apple AirPods with Charging Case MV7N2J/A アップル 左右分離型ワイヤレスイヤホン iphone スマホ,18500
259,【送料無料】 apple 純正品 AirPods 第2世代 MV7N2J/A 左のみ 新品,7200
260,未開封新品 AirPods (エアーポッズ/第2世代) 無線充電器ケースセット MRXJ2J/A [ワイヤレス(左右分離) /Bluetooth] 送料込、保証書有,23500
261,第2世代新品未開封Apple AirPodswith Charging CaseMV7N2J/A,17000
262,1円～新品 Apple(アップル)AirPods with Wireless Charging Case 第2世代 MRXJ2J/A③,19900
263,1円～新品 Apple(アップル)AirPods with Wireless Charging Case 第2世代 MRXJ2J/A④,19000
264,1円～新品 Apple(アップル)AirPods with Wireless Charging Case 第2世代 MRXJ2J/A⑥,19000
265,1円～新品 Apple(アップル)AirPods with Wireless Charging Case 第2世代 MRXJ2J/A⑤,18900
266,1円～新品 Apple(アップル)AirPods with Wireless Charging Case 第2世代 MRXJ2J/A⑦,18900
267,1円～新品 Apple(アップル)AirPods with Wireless Charging Case 第2世代 MRXJ2J/A①,19000
268,1円～新品 Apple(アップル)AirPods with Wireless Charging Case 第2世代 MRXJ2J/A②,18500
269,Apple AirPods2 MV7N2J/A エアーポッズ 第2世代 ワイヤレスイヤホン 新品未開封,18000
270,送料無料/おまけあり/第2世代/第二世代/2019/新型/新品未使用/正規品/左耳のみ/左のみ/左側のみ/Apple AirPods/エアーポッズ/アップル/J,7000
271,【新品・未開封】Apple AirPods2 MRXJ2J/A 第2世代 保証書付 純正 送料無料,22000
272,Apple純正 AirPods 第2世代 イヤホン MV7N2J/A 充電ケース＋lighteningケーブルのみ イヤホン無し 新品未使用品,7300
273,★新品未開封 送料無料★ APPLE 正規品 AirPods (第2世代) with Charging Case ワイヤレスイヤホン MV7N2J/A新型,18100
274,Apple AirPods 第2世代 新品未開封 同梱可,19000
275,[新品未使用品]AirPods (エアーポッズ/第2世代) with Charging Case 2019年 新型 MV7N2J/A 【純正】 Bluetooth,17010
276,【新品】apple 純正品 AirPods 第2世代 MV7N2J/A 左のみ 新品未使用品,6250
277,即決 新品未開封 APPLE 正規品 AirPods (第2世代) with Charging Case ワイヤレスイヤホン MV7N2J/A新型 爆安 ラスト,18000
278,新品未開封AirPods 第2世代 MV7N2J/A送料無料,17900
279,Apple純正 AirPods 第2世代 左 イヤホン MV7N2J/A 左耳のみ 新品未使用品,7200
280,[新品未使用品]AirPods with Wireless Charging Case (エアーポッズ/第2世代) 2019年 新型 【純正】 [ワイヤレス(左右分離) /Bluetooth],20000
281,[新品未使用品]AirPods (エアーポッズ/第2世代) with Charging Case 2019年 新型 Bluetooth MV7N2J/A 【純正】,17500
282,[新品未使用品]AirPods with Wireless Charging Case (エアーポッズ/第2世代) 2019年 新型 ブルートゥースイヤホン 【純正】Bluetooth,19500
283,[新品未使用品]AirPods (エアーポッズ/第2世代) with Charging Case 2019年 新型 MV7N2J/A 【純正】 [ワイヤレス(左右分離) /Bluetooth],18000
284,★新品未開封 送料無料★ APPLE 正規品 AirPods (第2世代) with Charging Case ワイヤレスイヤホン MV7N2J/A新型 2019年最新モデル,18400
285,★Apple AirPods2 MV7N2J/A エアーポッズ 第2世代 ワイヤレスイヤホン 新品未開封★,16200
286,新品未使用 Apple純正 AirPods2 （第2世代） MV7N2J/A充電ケースのみ イヤホン無し,6980
287,【送料無料】【新品未使用品】第２世代Apple純正 airpods右のみR 国内正規品 右耳 a,7400
288,Apple AirPods2 MV7N2J/A エアーポッズ 第2世代 ワイヤレスイヤホン 新品未開封,18000
289,Apple純正 AirPods 第2世代 イヤホン MV7N2J/A 充電ケースのみ 新品未使用品,7000
290,Apple純正 AirPods 第2世代 イヤホン MV7N2J/A 充電ケース＋lighteningケーブルのみ イヤホン無し 新品未使用品,7300
291,即決 新品未開封 送料込 Apple AirPods2 MV7N2J/A アップル エアーポッズ 第2世代 ワイヤレスイヤホン,18500
292,Apple純正 AirPods 第2世代 イヤホン MV7N2J/A 充電ケースのみ 新品未使用品,7000
293,新品 未開封 Apple AirPods with Charging Case 第2世代 MV7N2J/A ワイヤレスイヤホン,17000
294,604【新品・保証有】 Apple AirPods（第2世代） MV7N2J/A /060,16500
295,Apple(アップル) AirPods with Charging Case MV7N2J/A 第2世代 Bluetooth ワイヤレスイヤホン 本体 未開封新品,17500
296,☆☆★★新品 Airpodsケース Adobox L-ML (SUP Red) エアポッド 保護ケース 耐衝撃防塵 AirPods第2世代と第1世代に適用 携帯に便利,569
297,【送料無料】【新品未使用品】第２世代Apple純正 airpods右のみR 国内正規品 右耳,7300
298,Apple AirPods2 MV7N2J/A エアーポッズ 第2世代 ワイヤレスイヤホン 新品未開封,18000
299,Apple純正 AirPods 第2世代 左 イヤホン MV7N2J/A 左耳のみ 新品未使用品,7200
300,Apple純正 AirPods 第2世代 イヤホン MV7N2J/A 充電ケースのみ 新品未使用品,7000
301,[送料無料][新品未開封][保証あり]Apple AirPods with Charging Case (第2世代) アップル エアーポッズ 完全ワイヤレスイヤホン MV7N2J/A,17800
302,Apple純正 AirPods 第2世代 イヤホン MV7N2J/A 充電ケース＋lighteningケーブルのみ イヤホン無し 新品未使用品,7300
303,Apple純正 AirPods 第2世代 左 イヤホン MV7N2J/A 左耳のみ 新品未使用品,7200
304,Apple純正 AirPods 第2世代 イヤホン MV7N2J/A 充電ケース＋lighteningケーブルのみ イヤホン無し 新品未使用品,7300
305,★新品★AirPods (エアーポッズ/第2世代) with Charging Case 2019年 国内正規品 MV7N2J/A★送料無料,18640
306,新品 未開封 Apple AirPods with Charging Case MV7N2J/A 第2世代 ワイヤレスイヤホン,17000
307,第2世代新品未開封Apple AirPodswith Charging CaseMV7N2J/A②,17000
308,第2世代新品未開封Apple AirPodswith Charging CaseMV7N2J/A,16500
309,【送料無料】【新品未使用品】第２世代Apple純正 airpods右のみR 国内正規品 右耳,7300
310,Apple純正 AirPods 第2世代 イヤホン MV7N2J/A 充電ケース＋lighteningケーブルのみ イヤホン無し 新品未使用品,7300
311,【送料無料】【新品未使用品】第２世代Apple airpods 両耳セット 国内正規品 MV7N2J/A,14000
312,送料込み新品未開封品AirPods Wireless Charging Case付き 第2世代 エアポッズ Apple ワイヤレスイヤホン,21000
313,[送料無料][新品未開封][保証あり]Apple AirPods with Charging Case (第2世代) アップル エアーポッズ 完全ワイヤレスイヤホン MV7N2J/A,18290
314,【新品未使用品★1円スタート】AirPods★第2世代 MV7N2J/A,17000
315,[新品未使用品]AirPods (エアーポッズ/第2世代) with Charging Case 2019年 新型 MV7N2J/A 【純正】 Bluetooth,17500
316,[新品未使用品]AirPods (エアーポッズ/第2世代) with Charging Case 2019年 新型 MV7N2J/A 【純正】 [ワイヤレス(左右分離) /Bluetooth],19000
317,Apple純正 AirPods 第2世代 左 イヤホン MV7N2J/A 左耳のみ 新品未使用品,7200
318,Apple純正 AirPods 第2世代 イヤホン MV7N2J/A 充電ケース＋lighteningケーブルのみ イヤホン無し 新品未使用品,7300
319,sl719 新品 Apple AirPods2 MV7N2J/A エアーポッズ 第2世代 ワイヤレスイヤホン,17000
320,AirPods 第2世代 with Charging Case 2019年 新型 Bluetooth MV7N2J/A 新品未使用品 エアーポッズ,18000
321,★新品未開封 即決 送料無料★ APPLE 正規品 AirPods (第2世代) with Charging Case ワイヤレスイヤホン MV7N2J/A新型,17001
322,[新品未使用品]AirPods with Wireless Charging Case (エアーポッズ/第2世代) 2019年 新型 ブルートゥースイヤホン 【純正】Bluetooth,20500
323,送料無料/おまけあり/第2世代/第二世代/2019/新型/新品未使用/正規品/右耳のみ/右のみ/右側のみ/Apple AirPods/エアーポッズ/アップル/J,7000
324,Apple(アップル) AirPods with Charging Case MV7N2J/A 第2世代 Bluetooth ワイヤレスイヤホン 本体 未開封新品,17600
325,[新品未使用品]AirPods (エアーポッズ/第2世代) with Charging Case 2019年 新型 Bluetooth MV7N2J/A 【純正】,17000
326,新品 未開封 Apple AirPods with Charging Case MV7N2J/A ワイヤレスイヤホン 第2世代,17000
327,未開封新品 AirPods (エアーポッズ/第2世代) with Wireless Charging CaseMRXJ2J/A [Bluetooth] 送料込、保証書有②,18500
328,★新品未開封 送料無料★ APPLE 正規品 AirPods (第2世代) with Charging Case ワイヤレスイヤホン MV7N2J/A新型,17500
329,【新品未使用品★1円スタート】AirPods★第2世代 MV7N2J/A,17099
330,[新品未使用品]AirPods (エアーポッズ/第2世代) with Charging Case 2019年 新型 MV7N2J/A 【純正】 [ワイヤレス(左右分離) /Bluetooth],17000
331,[新品未使用品]AirPods with Wireless Charging Case (エアーポッズ/第2世代) 2019年 新型 【純正】 [ワイヤレス(左右分離) /Bluetooth],18500
332,★即決 新品未開封 送料無料★ APPLE 正規品 AirPods (第2世代) with Charging Case ワイヤレスイヤホン MV7N2J/A新型,17500
333,[新品未使用品]AirPods (エアーポッズ/第2世代) with Charging Case 2019年 新型 Bluetooth MV7N2J/A 【純正】,18000
334,Apple純正 AirPods 第2世代 イヤホン MV7N2J/A 充電ケース＋lighteningケーブルのみ イヤホン無し 新品未使用品,7300
335,Apple純正 AirPods 第2世代 右 イヤホン MV7N2J/A 右耳のみ 新品未使用品,7200
336,★新品★AirPods (エアーポッズ/第2世代) with Charging Case 2019年 国内正規品 MV7N2J/A★送料無料,18640
337,新品 未開封 Apple AirPods with Charging Case MV7N2J/A 第2世代 ワイヤレスイヤホン,17500
338,Apple純正 AirPods 第2世代 イヤホン MV7N2J/A 充電ケースのみ 新品未使用品,7000
339,即決 新品未開封 送料込 Apple AirPods2 MV7N2J/A アップル エアーポッズ 第2世代 ワイヤレスイヤホン,18500
340,【送料無料】【新品未使用品】第２世代Apple airpods 両耳セット 国内正規品 MV7N2J/A,14000
341,Apple純正 AirPods 第2世代 イヤホン MV7N2J/A 充電ケース＋lighteningケーブルのみ イヤホン無し 新品未使用品,7300
342,箱傷み有 送料無料 即決 アップル AirPods with Charging Case 第2世代 MV7N2J/A 新品 未開封 エアポッズ エアポッド ワイヤレス イヤホン,18080
343,未開封新品 AirPods (エアーポッズ/第2世代) with Wireless Charging CaseMRXJ2J/A [ワイヤレス(左右分離) /Bluetooth] 送料込、保証書有,19300
344,[新品未使用品]AirPods (エアーポッズ/第2世代) with Charging Case 2019年 新型 MV7N2J/A 【純正】 [ワイヤレス(左右分離) /Bluetooth],16800
345,【Apple】純正 AirPods (第2世代) with Wireless Charging Case ブルートゥースイヤホン・フルワイヤレス・インナーイヤー（MRXJ2J/A）新品,23900
346,[新品未使用品]AirPods (エアーポッズ/第2世代) with Charging Case 2019年 新型 MV7N2J/A 【純正】 Bluetooth,19000
347,Apple純正 AirPods 第2世代 イヤホン MV7N2J/A 充電ケース＋lighteningケーブルのみ イヤホン無し 新品未使用品,7300
348,即決 新品未開封 送料込 Apple AirPods2 MV7N2J/A アップル エアーポッズ 第2世代 ワイヤレスイヤホン,18500
349,【送料無料】 apple 純正品 AirPods 第2世代 MV7N2J/A 右のみ 新品,7200
350,【送料無料】【新品未使用品】第２世代Apple純正 airpods右のみR 国内正規品 右耳,7300
351,【新品】AirPods with Charging Case MV7N2J/A / エアーポッズ 第2世代 2019年型 ブルートゥースイヤホン インナーイヤー型,19280
352,送料込み新品未開封品AirPods Wireless Charging Case付き 第2世代 エアポッズ Apple ワイヤレスイヤホン,21000
353,【送料無料】【新品未使用品】第２世代Apple airpods 両耳セット 国内正規品 MV7N2J/A,14100
354,【送料無料】【新品未使用品】第２世代Apple airpods 両耳セット 国内正規品 MV7N2J/A,14000
355,Apple AirPods2 MV7N2J/A エアーポッズ 第2世代 ワイヤレスイヤホン 新品未開封,18000
356,新品 未開封 Apple AirPods with Charging Case 第2世代 MV7N2J/A ワイヤレスイヤホン,17500
357,sl560 新品 Apple(アップル) AirPods with Charging Case MV7N2J/A 第2世代 Bluetooth ワイヤレスイヤホン 本体,17000
358,[送料無料][新品未開封]Apple Wireless Charging Case for AirPods (第2世代) アップル エアーポッズ ワイヤレス充電 MR8U2J/A,8680
359,Apple AirPods2 MV7N2J/A エアーポッズ 第2世代 ワイヤレスイヤホン 新品未開封,18000
360,Apple純正 AirPods 第2世代 イヤホン MV7N2J/A 充電ケース＋lighteningケーブルのみ イヤホン無し 新品未使用品,7300
361,[新品未使用品]AirPods (エアーポッズ/第2世代) with Charging Case 2019年 新型 MV7N2J/A 【純正】 [ワイヤレス(左右分離) /Bluetooth],19000
362,[新品未使用品]AirPods (エアーポッズ/第2世代) with Charging Case 2019年 新型 MV7N2J/A 【純正】 Bluetooth,19000
363,[新品未使用品]AirPods (エアーポッズ/第2世代) with Charging Case 2019年 新型 Bluetooth MV7N2J/A 【純正】,19500
364,Apple純正 AirPods 第2世代 右 イヤホン MV7N2J/A 右耳のみ 新品未使用品,7200
365,Apple純正 AirPods 第2世代 右 イヤホン MV7N2J/A 右耳のみ 新品未使用品,7200
366,Apple正規品AirPods新品MV7N2J/Aエアポッズ 第2世代最新モデル,17800
367,【送料無料】【新品未使用品】第２世代Apple純正 airpods右のみR 国内正規品 右耳,7400
368,【送料無料】 apple 純正品 AirPods 第2世代 MV7N2J/A 左のみ 新品,7200
369,Apple AirPods2 MV7N2J/A エアーポッズ 第2世代 ワイヤレスイヤホン 新品未開封,18000
370,Apple AirPods2 MV7N2J/A エアーポッズ 第2世代 ワイヤレスイヤホン 新品未開封,18000
371,[新品未使用品]AirPods (エアーポッズ/第2世代) with Charging Case 2019年 新型 MV7N2J/A 【純正】 Bluetooth,18500
372,[新品未使用品]AirPods (エアーポッズ/第2世代) with Charging Case 2019年 新型 MV7N2J/A 【純正】 [ワイヤレス(左右分離) /Bluetooth],19000
373,Apple純正 AirPods 第2世代 イヤホン MV7N2J/A 充電ケースのみ 新品未使用品,7000
374,Apple純正 AirPods 第2世代 イヤホン MV7N2J/A 充電ケース＋lighteningケーブルのみ イヤホン無し 新品未使用品,7300
375,送料無料 即決 アップル AirPods with Charging Case 第2世代 MV7N2J/A 新品 未開封 エアポッズ エアポッド ワイヤレス イヤホン Apple,18200
376,Apple純正 AirPods 第2世代 イヤホン MV7N2J/A 充電ケース＋lighteningケーブルのみ イヤホン無し 新品未使用品,7300
377,[新品未使用品]AirPods (エアーポッズ/第2世代) with Charging Case 2019年 新型 Bluetooth MV7N2J/A 【純正】,17000
378,Apple純正 AirPods 第2世代 左 イヤホン MV7N2J/A 左耳のみ 新品未使用品,7300
379,即決 新品未開封 送料込 Apple AirPods2 MV7N2J/A アップル エアーポッズ 第2世代 ワイヤレスイヤホン,18800
380,【送料無料】 apple 純正品 AirPods 第2世代 MV7N2J/A 右のみ 新品,7300
381,●新品未開封 第2世代 Apple AirPods MV7N2J/A 正規品 保証あり 送料無料！,18500
382,2個セット Apple AirPods 第2世代 新品未開封,26000
383,アップル(Apple) 最新 第2世代 MV7N2J/A AirPods withCharging Caseワイヤレスヘッドフォン新品未開封,17500
384,Apple純正 AirPods 第2世代 イヤホン MV7N2J/A 充電ケース＋lighteningケーブルのみ イヤホン無し 新品未使用品,7300
385,【送料無料】【新品未使用品】第２世代Apple airpods 両耳セット 国内正規品 MV7N2J/A,14000
386,Apple純正 AirPods 第2世代 イヤホン MV7N2J/A 充電ケースのみ 新品未使用品,7000
387,Apple(アップル) AirPods with Charging Case MV7N2J/A 第2世代 Bluetooth ワイヤレスイヤホン 本体 未開封新品,17700
388,1スタ！1円～新品未使用 第2世代 Apple AirPods with Charging Case # MV7N2J/A アップル 左右分離型ワイヤレスイヤホン iphone スマホ,18000
389,送料込み新品未開封品AirPods Wireless Charging Case付き 第2世代 エアポッズ Apple ワイヤレスイヤホン,21000
390,新品未開封 第2世代 Apple AirPods with Charging Case MV7N2J/A 送料込、保証書有 Bluetooth,21000
391,★新品即決送料無★7月6日購入★領収書付★AirPods with Charging Case Apple 純正 ワイヤレスイヤホン MV7N2J/A 第2世代.,18500
392,【新品同様】Apple AirPods with Charging Case (第2世代) MV7N2J/A シュリンク付き 保証レシート 送料無料 おまけ付き 即日発送対応可,17000
393,【新品未開封】Apple MV7N2J/A AirPods 第2世代,18000
394,Apple(アップル) AirPods with Charging Case MV7N2J/A 第2世代 Bluetooth ワイヤレスイヤホン 本体 未開封新品,17700
395,★新品未開封 即決 送料無料★ APPLE 正規品 AirPods (第2世代) with Charging Case ワイヤレスイヤホン MV7N2J/A新型,17700
396,★即決 新品未開封 送料無料★ APPLE 正規品 AirPods (第2世代) with Charging Case ワイヤレスイヤホン MV7N2J/A新型,17500
397,1円～新品 Apple(アップル)AirPods with Wireless Charging Case 第2世代 MRXJ2J/A,20651
398,Apple(アップル) AirPods with Charging Case MV7N2J/A 第2世代 Bluetooth ワイヤレスイヤホン 本体 未開封新品,18200
399,★☆【未開封新品】送料無料 新品 Apple第2世代AirPods（エアポッド） with Wireless Charging CaseMRXJ2J/Aワイヤレスイヤホン☆★,21000
400,Apple(アップル) AirPods with Charging Case MV7N2J/A 第2世代 Bluetooth ワイヤレスイヤホン 本体 未開封新品,18200
401,新品同様★Airpods with Wireless Charging Case★第2世代★MRX2J/A,19500
402,[新品未使用品]AirPods (エアーポッズ/第2世代) with Charging Case 2019年 新型 MV7N2J/A 【純正】 [ワイヤレス(左右分離) /Bluetooth],17500
403,★新品未開封 送料無料★ APPLE 正規品 AirPods (第2世代) with Charging Case ワイヤレスイヤホン MV7N2J/A新型,19800
404,★新品即決送料無★ MRXJ2J/A ★6月28日購入★領収書付★AirPods with Charging Case Apple 純正 ワイヤレスイヤホン 第2世代,21400
405,【送料無料】【新品未使用品】第２世代Apple airpods 両耳セット 国内正規品 MV7N2J/A,14300
406,★新品★AirPods (エアーポッズ/第2世代) with Charging Case 2019年 国内正規品 MV7N2J/A★送料無料,18640
407,AirPods with Charging Case 第2世代 MV7N2J/A 新品未開封品数量2,17000
408,[新品未使用品]AirPods (エアーポッズ/第2世代) with Charging Case 2019年 新型 MV7N2J/A 【純正】 Bluetooth,18500
409,新品未開封Apple純正 AirPods MV7N2J/A エアーポッズ/第2世代 with Charging Case 2019年 ブルートゥースイヤホン Bluetooth,18490
410,【新品未開封・送料込】APPLE AirPods（エアーポッズ） with Charging Case 第2世代 MV7N2J/A,18200
411,【新品・未開封】 APPLE アップル AirPods with Charging Case 第2世代 MV7N2J/A【１年保証つき】,18001
412,Apple純正 AirPods 第2世代 イヤホン MV7N2J/A 充電ケース＋lighteningケーブルのみ イヤホン無し 新品未使用品,7300
413,【送料無料】【新品未使用品】第２世代Apple純正 airpods右のみR 国内正規品 右耳,7400
414,［新品 送料無料］Apple AirPods with Wireless Charging Case（第2世代） MRXJ2J/A 即決 純正品 保証あり,21000
415,[新品未使用品]AirPods (エアーポッズ/第2世代) with Charging Case 2019年 新型 Bluetooth MV7N2J/A 【純正】,18500
416,【送料無料】【新品未使用品】第２世代Apple純正 airpods右のみR 国内正規品 右耳,7400
417,送料込み新品未開封品AirPods Wireless Charging Case付き 第2世代 エアポッズ Apple ワイヤレスイヤホン,20500
418,[送料無料][新品未開封][保証あり]Apple Wireless Charging Case for AirPods (第2世代) アップル エアーポッズ ワイヤレス充電 MR8U2J/A,9290
419,【送料無料】【新品未使用品】第２世代Apple純正 airpods右のみR 国内正規品 右耳a,7400
420,★新品・即発送★AirPods (エアーポッズ/第2世代) with Charging Case 2019年 新型 MV7N2J/A,17499
421,送料無料 新品未開封 新型 AirPods with Wireless Case Apple純正 ワイヤレスイヤホン MRXJ2J/A 第2世代,20000
422,Apple純正 AirPods 第2世代 イヤホン MV7N2J/A 充電ケース＋lighteningケーブルのみ イヤホン無し 新品未使用品,7300
423,送料無料 即決 アップル AirPods with Charging Case 第2世代 MV7N2J/A 新品 未開封 エアポッズ エアポッド ワイヤレス イヤホン Apple,18400
424,【送料無料】 apple 純正品 AirPods 第2世代 MV7N2J/A 右のみ 新品,7300
425,【新品同様・送料込】Apple AirPods（第2世代) with Charging Case MV7N2J/A,17500
426,新品☆AirPods with Charging Case 第2世代 MV7N2J/A,18000
427,★新品即決送料無★7月6日購入★領収書付★AirPods with Charging Case Apple 純正 ワイヤレスイヤホン MV7N2J/A 第2世代.,18500
428,Apple(アップル) AirPods with Charging Case MV7N2J/A 第2世代 Bluetooth ワイヤレスイヤホン 本体 未開封新品,17700
429,★即日発送(送料無料)★Apple純正品(正規品)★新品(未使用品)★充電ケース(A1602)のみ★AirPods(第2世代)★3,7599
430,【送料無料】【新品未使用】第２世代Apple純正 airpods左のみL 国内正規品 左耳,7400
431,Apple純正 AirPods 第2世代 イヤホン MV7N2J/A 充電ケースのみ 新品未使用品,7000
432,【送料無料】【新品未使用】第２世代Apple純正 airpods左のみL 国内正規品 左耳,7000
433,AirPods with Charging Case 第2世代 MV7N2J/A 新品未開封品数量3,17000
434,【新品未開封品】Apple AirPods with Wireless Charging Case エアポッド ワイヤレスヘッドフォン 第2世代 MRXJ2J/A 送料無料,19000
435,Apple AirPods2 MV7N2J/A エアーポッズ 第2世代 ワイヤレスイヤホン 新品未開封,18000
436,Apple純正 AirPods 第2世代 イヤホン MV7N2J/A 充電ケース＋lighteningケーブルのみ イヤホン無し 新品未使用品,7300
437,Apple AirPods2 MV7N2J/A エアーポッズ 第2世代 ワイヤレスイヤホン 新品未開封,18000
438,Apple純正 AirPods 第2世代 左 イヤホン MV7N2J/A 左耳のみ 新品未使用品,7300
439,Apple純正 AirPods 第2世代 イヤホン MV7N2J/A 充電ケース＋lighteningケーブルのみ イヤホン無し 新品未使用品,7300
440,Apple(アップル) AirPods with Charging Case MV7N2J/A 第2世代 Bluetooth ワイヤレスイヤホン 本体 未開封新品,17700
441,【送料無料】【新品未使用品】第２世代Apple airpods 両耳セット 国内正規品 MV7N2J/A,14300
442,送料無料 新品未開封 新型 AirPods with Wireless Case Apple純正 ワイヤレスイヤホン MRXJ2J/A 第2世代,19500
443,★新品・即発送★AirPods (エアーポッズ/第2世代) with Charging Case 2019年 新型 MV7N2J/A,16999
444,【新品・未開封】AirPods (エアーポッズ/第2世代) with Charging Case 2019年 Bluetooth MV7N2J/A 【純正】,18000
445,Apple(アップル) AirPods with Charging Case MV7N2J/A 第2世代 Bluetooth ワイヤレスイヤホン 本体 未開封新品,17700
446,新品未開封 Apple AirPods 第2世代 Charging Case ワイヤレスイヤホン エアーポッズ エアポッズ,18399
447,[新品未使用品]AirPods (エアーポッズ/第2世代) with Charging Case 2019年 新型 MV7N2J/A 【純正】 Bluetooth,19000
448,Apple純正 AirPods 第2世代 イヤホン MV7N2J/A 充電ケース＋lighteningケーブルのみ イヤホン無し 新品未使用品,7300
449,【送料無料】【新品未使用品】第２世代Apple純正 airpods右のみR 国内正規品 右耳,7400
450,Apple(アップル) AirPods with Charging Case MV7N2J/A 第2世代 Bluetooth ワイヤレスイヤホン 本体 未開封新品,18200
451,☆新品☆ アップル Apple AirPods with Charging Case MV7N2J/A 第２世代 ワイヤレスイヤホン 送料無料！,18800
452,[新品未使用品]AirPods (エアーポッズ/第2世代) with Charging Case 2019年 新型 MV7N2J/A 【純正】 [ワイヤレス(左右分離) /Bluetooth],19000
453,【送料無料】【新品未使用品】第２世代Apple純正 airpods右のみR 国内正規品 右耳a,7400
454,新品未開封第2世代Apple AirPodswith Charging CaseMV7N2J/A,17500
455,新品未開封 Apple AirPods (エアーポッズ/第2世代) with Charging Case 2019年 国内正規品 MV7N2J/A 納品書有 送料無料,18500
456,新品未開封 BOSE QUIETCNTROL 30 ボース クワイエット コントロール 30 ノイズキャンセリング boseオンライン購入 検 AirPods 第2世代,17800
457,[新品未使用品]AirPods (エアーポッズ/第2世代) with Charging Case 2019年 新型 Bluetooth MV7N2J/A 【純正】,18000
458,★新品未開封 送料無料★ APPLE 正規品 AirPods (第2世代) with Charging Case ワイヤレスイヤホン MV7N2J/A新型,18000
459,★即決 新品未開封 送料無料★ APPLE 正規品 AirPods (第2世代) with Charging Case ワイヤレスイヤホン MV7N2J/A新型,17500
460,1円～新品 Apple(アップル)AirPods with Wireless Charging Case 第2世代 MRXJ2J/A,19500
461,1円～新品 Apple(アップル)AirPods with Wireless Charging Case 第2世代 MRXJ2J/A,19500
462,★新品★AirPods (エアーポッズ/第2世代) with Charging Case 2019年 国内正規品 MV7N2J/A★送料無料,18640
463,【送料無料】【新品未使用】第２世代Apple純正 airpods左のみL 国内正規品 左耳,7400
464,【新品同様】Apple AirPods with Charging Case (第2世代) MV7N2J/A シュリンク付き 保証レシート 送料無料 おまけ付き 即日発送対応可,18000
465,Apple(アップル) AirPods with Charging Case MV7N2J/A 第2世代 Bluetooth ワイヤレスイヤホン 本体 未開封新品,17700
466,Ae412622 Apple アップル AirPods with Charging Case MV7N2J/A イヤホン 第2世代 新品,16000
467,【送料無料】【新品未使用品】第２世代Apple純正 airpods右のみR 国内正規品 右耳,7400
468,Apple純正 AirPods 第2世代 イヤホン MV7N2J/A 充電ケース＋lighteningケーブルのみ イヤホン無し 新品未使用品,7300
469,1円～新品 Apple(アップル)AirPods with Wireless Charging Case 第2世代 MRXJ2J/A,19000
470,1円～新品 Apple(アップル)AirPods with Wireless Charging Case 第2世代 MRXJ2J/A,19000
471,[新品未使用品]AirPods (エアーポッズ/第2世代) with Charging Case 2019年 新型 MV7N2J/A 【純正】 Bluetooth,19000
472,[新品未使用品]AirPods (エアーポッズ/第2世代) with Charging Case 2019年 新型 MV7N2J/A 【純正】 [ワイヤレス(左右分離) /Bluetooth],18000
473,1円～新品 Apple(アップル)AirPods with Wireless Charging Case 第2世代 MRXJ2J/A,17000
474,1円～新品 Apple(アップル)AirPods with Wireless Charging Case 第2世代 MRXJ2J/A,17000
475,[新品未使用品]AirPods (エアーポッズ/第2世代) with Charging Case 2019年 新型 Bluetooth MV7N2J/A 【純正】,18000
476,送料無料 正規品 新品 未開封 Apple Airpods Wireless Ckarging Case 第2世代 MRXJ2J/A アイポッド ワイヤレス,23800
477,送料無料第2世代Apple AirPodsMV7N2J/A新品,18190
478,【送料無料】 apple 純正品 AirPods 第2世代 MV7N2J/A 左のみ 新品,7200
479,Apple純正 AirPods 第2世代 右 イヤホン MV7N2J/A 右耳のみ 新品未使用品,7300
480,Apple純正 AirPods 第2世代 左 イヤホン MV7N2J/A 左耳のみ 新品未使用品,7300
481,新品未開封品 Apple純正 AirPods (第2世代) with Charging Case 2019年 ブルートゥースイヤホン MV7N2J/A,17000
482,【送料無料】【新品未使用品】第２世代Apple airpods 両耳セット 国内正規品 MV7N2J/A,14300
483,Apple純正 AirPods 第2世代 イヤホン MV7N2J/A 充電ケース＋lighteningケーブルのみ イヤホン無し 新品未使用品,7300
484,Apple純正 AirPods 第2世代 イヤホン MV7N2J/A 充電ケース＋lighteningケーブルのみ イヤホン無し 新品未使用品,7300
485,[新品未使用品]AirPods (エアーポッズ/第2世代) with Charging Case 2019年 新型 MV7N2J/A 【純正】 Bluetooth,18000
486,☆新品未開封☆ Apple純正 AirPods(第2世代)with Wireless Charging Case (MRXJ2J/A) 3,23000
487,●新品未開封 第2世代 Apple AirPods MV7N2J/A 正規品 保証あり 送料無料！,18888
488,アップル(Apple) 最新 第2世代 MV7N2J/A AirPods withCharging Caseワイヤレスヘッドフォン新品未開封,17800
489,★新品未開封★第2世代★Apple★AirPods★MV7N2J/A★ワイヤレス イヤホン★7月19日購入明細書★,17000
490,Apple純正 AirPods 第2世代 イヤホン MV7N2J/A 充電ケース＋lighteningケーブルのみ イヤホン無し 新品未使用品,7400
491,Apple純正 AirPods 第2世代 右 イヤホン MV7N2J/A 右耳のみ 新品未使用品,7300
492,新品☆AirPods with Charging Case 第2世代 MV7N2J/A,18000
493,送料無料即決新品新製品 Apple アップル第2世代AirPods （エアポッド） with Charging CaseMV7N2J/Aワイヤレスイヤホン,18900
494,★新品未開封★第2世代★Apple★AirPods★MV7N2J/A★ワイヤレス イヤホン★7月19日購入明細書★,17500
495,新品 未開封 AirPods MRXJ2J/A 第2世代,19800
496,Apple純正 AirPods 第2世代 左 イヤホン MV7N2J/A 左耳のみ 新品未使用品,7300
497,Apple純正 AirPods 第2世代 イヤホン MV7N2J/A 充電ケース＋lighteningケーブルのみ イヤホン無し 新品未使用品,7400
498,[新品未使用品]AirPods (エアーポッズ/第2世代) with Charging Case 2019年 新型 Bluetooth MV7N2J/A 【純正】,19500
499,●新品未開封● Apple Air Pods 2 第2世代 アップル エアポッズ MV7N2J/A ワイヤレス イヤホン,19000
500,新品シュリンク付きApple AirPods(第2世代) with Wireless Charging Case MRXJ2J/A ワイヤレス充電対応 上位モデル,20500
501,★送料無料★【新品 未開封】 Apple AirPodsMV7N2J/A Air Pods with Charging Case 第2世代 完全ワイヤレスイヤホン Bluetooth,18500
502,[新品未使用品]AirPods (エアーポッズ/第2世代) with Charging Case 2019年 新型 MV7N2J/A 【純正】 Bluetooth,19000
503,★新品未開封★ Apple AirPods with Wireless Charging Case MRXJ2J/A エアポッド 第２世代 ワイヤレスイヤホン ★送料無料★,19500
504,[新品未使用品]AirPods (エアーポッズ/第2世代) with Charging Case 2019年 新型 MV7N2J/A 【純正】 [ワイヤレス(左右分離) /Bluetooth],17700
505,★新品即決送料無★7月6日購入★領収書付★AirPods with Charging Case Apple 純正 ワイヤレスイヤホン MV7N2J/A 第2世代.,18800
506,【新品未開封】Apple MV7N2J/A AirPods 第2世代,18000
507,新品未開封Apple純正 AirPods (第2世代) with Charging Case 2019年 ブルートゥースイヤホン MV7N2J/A,18000
508,【新品未開封】【送料無料】Apple純正 AirPods (第2世代) with Charging Case 2019年 ブルートゥースイヤホン（MV7N2J/A）,18000
509,【送料無料】 apple 純正品 AirPods 第2世代 MV7N2J/A 右のみ 新品,7300
510,Apple純正 AirPods 第2世代 イヤホン MV7N2J/A 充電ケースのみ 新品未使用品,7100
511,【新品】apple AirPods 第2世代 with Wireless Charging Case 2019年 新型 MRXJ2J/A,18500
512,新品未開封Apple純正 AirPods (第2世代) with Charging Case 2019年 ブルートゥースイヤホン MV7N2J/A,18000
513,Apple純正 AirPods 第2世代 イヤホン MV7N2J/A 充電ケースのみ 新品未使用品,7100
514,★新品★AirPods (エアーポッズ/第2世代) with Charging Case 2019年 国内正規品 MV7N2J/A★送料無料,18880
515,新品未開封Apple純正 AirPods (第2世代) with Charging Case 2019年 ブルートゥースイヤホン MV7N2J/A,17980
516,[新品未使用品]AirPods (エアーポッズ/第2世代) with Charging Case 2019年 新型 MV7N2J/A 【純正】 Bluetooth,17600
517,【送料無料】【新品未使用品】第２世代Apple純正 airpods右のみR 国内正規品 右耳,7400
518,Apple AirPods with Charging Case 2019年モデル 第2世代 MV7N2J/A 新品 純正品 エアポッズ アップル イヤホン,16400
519,(新品) 第2世代 AirPods with Wireless Charging Case MRXJ2J/A ワイヤレスイヤホン,20500
520,Apple純正 AirPods 第2世代 イヤホン MV7N2J/A 充電ケース＋lighteningケーブルのみ イヤホン無し 新品未使用品,7400
521,Apple純正 AirPods 第2世代 イヤホン MV7N2J/A 充電ケースのみ 新品未使用品,7100
522,★1 新品 未開封 Apple AirPods with Charging Case 最新モデル (第2世代) アップル エアーポッツ 本体 iphone MV7N2J-A★ジャンク扱い,17000
523,★2 新品 未開封 Apple AirPods with Charging Case 最新モデル (第2世代) アップル エアーポッツ 本体 iphone MV7N2J-A★ジャンク扱い,17000
524,【新品未開封】【送料無料】Apple純正 AirPods (第2世代) with Charging Case 2019年 ブルートゥースイヤホン（MV7N2J/A）,18000
525,★新品即決送料無★7月6日購入★領収書付★AirPods with Charging Case Apple 純正 ワイヤレスイヤホン MV7N2J/A 第2世代.,18800
526,[新品未使用品]AirPods (エアーポッズ/第2世代) with Charging Case 2019年 新型 Bluetooth MV7N2J/A 【純正】,17000
527,[送料無料][新品未開封][保証あり]Apple AirPods with Charging Case (第2世代) アップル エアーポッズ 完全ワイヤレスイヤホン MV7N2J/A,18390
528,第2世代新品未開封Apple AirPodswith Charging CaseMV7N2J/A④,17500
529,第2世代新品未開封Apple AirPodswith Charging CaseMV7N2J/A③,17500
530,第2世代新品未開封Apple AirPodswith Charging CaseMV7N2J/A②,17500
531,[新品未使用品]AirPods (エアーポッズ/第2世代) with Charging Case 2019年 新型 MV7N2J/A 【純正】 [ワイヤレス(左右分離) /Bluetooth],19000
532,アップル(Apple) 最新 第2世代 MV7N2J/A AirPods withCharging Caseワイヤレスヘッドフォン 送料無料 最安 新品未開封,18520
533,【送料無料】【新品未使用】第２世代Apple純正 airpods左のみL 国内正規品 左耳,7500
534,★極上美品★ 新品同様 Apple AirPods with Charging Case MV7N2J/A 第2世代 ワイヤレスイヤホン 本体 充電ケース おまけ付き,18000
535,【開封済み/未使用】Apple AirPods with Chaging case エアポッズ Bluetooth接続ワイヤレスイヤフォン 第2世代 MV7N2J/A 10451453,16500
536,新品 未開封 AirPods MV7N2J/A 第2世代,17800
537,【新品未開封】Apple MV7N2J/A AirPods 第2世代,18000
538,【送料無料】【新品未使用】第２世代Apple純正 airpods左のみL 国内正規品 左耳,7400
539,Apple純正 AirPods 第2世代 左 イヤホン MV7N2J/A 左耳のみ 新品未使用品,7300
540,Apple純正 AirPods 第2世代 右 イヤホン MV7N2J/A 右耳のみ 新品未使用品,7300
541,[新品未使用品]AirPods (エアーポッズ/第2世代) with Charging Case 2019年 新型 MV7N2J/A 【純正】 [ワイヤレス(左右分離) /Bluetooth],19000
542,Apple純正 AirPods 第2世代 イヤホン MV7N2J/A 充電ケース＋lighteningケーブルのみ イヤホン無し 新品未使用品,7500
543,AirPods with Charging Case 第2世代 MV7N2J/A 新品未開封品数量２,18040
544,[新品未使用品]AirPods (エアーポッズ/第2世代) with Charging Case 2019年 新型 MV7N2J/A 【純正】 Bluetooth,18201
545,★即日発送(送料無料)★Apple純正品(正規品)★新品(未使用品)★充電ケース(A1602)のみ★AirPods(第2世代)★2,7599
546,APPLE AirPods エアポッド ワイヤレス イヤホン MV7N2J/A 第2世代 未開封新品,18000
547,第2世代新品未開封Apple AirPodswith Charging CaseMV7N2J/A,18300
548,【新品未開封】【第2世代】Apple AirPods MRXJ2J/A,19000
549,★☆新品未開封 ６月購入 送料無料 Apple airpods MV7N2J/A 第２世代 購入証明書付き 匿名配送☆★,18680
550,新品未使用 Apple純正 AirPods2 （第2世代） MV7N2J/A充電ケースのみ イヤホン無し,7180
551,新品未開封 AirPods MV7N2J/A 第2世代 エアーポッズ,17800
552,【送料無料】【新品未使用】第２世代Apple純正 airpods左のみL 国内正規品 左耳,7400
553,【送料無料】【新品未使用品】第２世代Apple純正 airpods右のみR 国内正規品 右耳a,7500
554,Apple純正 AirPods 第2世代 イヤホン MV7N2J/A 充電ケース＋lighteningケーブルのみ イヤホン無し 新品未使用品,7500
555,【新品未開封/量販店レシート付】 Apple AirPods with Wireless Charging Case MRXJ2J/A エアポッド 第２世代 ワイヤレスイヤホン,19600
556,Apple純正 AirPods 第2世代 イヤホン MV7N2J/A 充電ケース＋lighteningケーブルのみ イヤホン無し 新品未使用品,7500
557,[送料無料][新品未開封][保証あり]Apple AirPods with Charging Case (第2世代) アップル エアーポッズ 完全ワイヤレスイヤホン MV7N2J/A,18290
558,1円～新品 Apple(アップル)AirPods with Wireless Charging Case 第2世代 MRXJ2J/A,19000
559,1円～新品 Apple(アップル)AirPods with Wireless Charging Case 第2世代 MRXJ2J/A,19500
560,Apple純正 AirPods 第2世代 右 イヤホン MV7N2J/A 右耳のみ 新品未使用品,7300
561,【送料無料】【新品未使用品】第２世代Apple純正 airpods右のみR 国内正規品 右耳,7400
562,Apple(アップル) AirPods with Charging Case MV7N2J/A 第2世代 Bluetooth ワイヤレスイヤホン 本体 未開封新品,18000
563,★☆【未開封新品】送料無料 新品 Apple第2世代AirPods（エアポッド） with Wireless Charging CaseMRXJ2J/Aワイヤレスイヤホン☆★,21000
564,新品未開封Apple純正 AirPods (第2世代) with Charging Case 2019年 ブルートゥースイヤホン MV7N2J/A,18000
565,●新品未開封● Apple Air Pods 2 第2世代 アップル エアポッズ MV7N2J/A ワイヤレス イヤホン,18000
566,Apple AirPods with Wireless Charging Case 第2世代 MRXJ2J/A 新品同様,18500
567,Apple アップル AirPods 第2世代 MV7N2J/A ワイヤレスイヤホン 【即決】新品未開封 新型 2019年 エアーポッズ,18600
568,即決 新品未開封 送料込 Apple AirPods2 MV7N2J/A アップル エアーポッズ 第2世代 ワイヤレスイヤホン,18980
569,◆新品未開封 AirPods with Charging Case 第2世代 MV7N2J/A◆,17500
570,AirPods with Charging Case 第2世代 MV7N2J/A 新品未開封品数量２,31000
571,★新品即決★ MRXJ2J/A ★6月28日購入★領収書付★AirPods with Charging Case Apple 純正 ワイヤレスイヤホン 第2世代,22000
572,新品未開封第2世代AirPodsMV7N2J/A,18000
573,新品未開封第2世代AirPodsMV7N2J/A-2,18999
574,新品未開封第2世代AirPodsMV7N2J/A,17000
575,【新品】Apple AirPods 第2世代 AirPods with Charging Case MV7N2J/A 完全ワイヤレスイヤホン Bluetooth マイク付き アップル ②,18500
576,【新品】Apple AirPods 第2世代 AirPods with Charging Case MV7N2J/A 完全ワイヤレスイヤホン Bluetooth マイク付き アップル ①,17500
577,新品未開封 Apple AirPods with Charging case 第2世代,17500
578,DD0058-190602-110【未開封】アップル Apple MV7N2J/A 第2世代 AirPods with Charging Case 最新モデル 新品未開封 イヤフォン イヤホン,17499
579,アップル(Apple) 第2世代 MV7N2J/A AirPods withCharging Caseワイヤレスヘッドフォン 送料無料 新品未開封！,18000
580,1円～新品 Apple(アップル)AirPods with Wireless Charging Case 第2世代 MRXJ2J/A,20000
581,1円～新品 Apple(アップル)AirPods with Wireless Charging Case 第2世代 MRXJ2J/A,19500
582,Apple純正 AirPods 第2世代 左 イヤホン MV7N2J/A 左耳のみ 新品未使用品,7300
583,Apple純正 AirPods 第2世代 イヤホン MV7N2J/A 充電ケース＋lighteningケーブルのみ イヤホン無し 新品未使用品,7500
584,Apple純正 AirPods 第2世代 右 イヤホン MV7N2J/A 右耳のみ 新品未使用品,7300
585,●新品未開封 第2世代 Apple AirPods MV7N2J/A 正規品 保証あり 送料無料！,18888
586,【送料無料】Apple純正 AirPods (第2世代) with Charging Case MV7N2J/A 2019年 新型 新品未開封,18400
587,Apple純正 AirPods 第2世代 イヤホン MV7N2J/A 充電ケース＋lighteningケーブルのみ イヤホン無し 新品未使用品,7500
588,Apple純正 AirPods 第2世代 イヤホン MV7N2J/A 充電ケース＋lighteningケーブルのみ イヤホン無し 新品未使用品,7500
589,☆新品☆ アップル Apple AirPods with Charging Case MV7N2J/A 第２世代 ワイヤレスイヤホン 送料無料！,18380
590,[新品未使用品]AirPods (エアーポッズ/第2世代) with Charging Case 2019年 新型 MV7N2J/A 【純正】 [ワイヤレス(左右分離) /Bluetooth],19000
591,★新品未開封★ 新型Apple Air Pods 2 第2世代 アップル エアポッズ MV7N2J/A ワイヤレス イヤホン 純正,17000
592,【送料無料】【新品未使用品】第２世代Apple純正 airpods右のみR 国内正規品 右耳,7400
593,新品未開封Apple純正 AirPods (第2世代) with Charging Case 2019年 ブルートゥースイヤホン MV7N2J/A,18690
594,【新品同様】長期保証 3年保証 最新型 AirPods with Wireless Charging Case 第2世代 MRXJ2J/A 保護カバー付き（長期保証名義変更可）,19800
595,[新品未使用品]AirPods (エアーポッズ/第2世代) with Charging Case 2019年 新型 Bluetooth MV7N2J/A 【純正】,19100
596,1円～新品 Apple(アップル)AirPods with Wireless Charging Case 第2世代 MRXJ2J/A,19000
597,1円～新品 Apple(アップル)AirPods with Wireless Charging Case 第2世代 MRXJ2J/A,19000
598,新品未開封 AirPods 第2世代 Apple MRXJ2J/A AirPods with Wireless Charging Case 2,19000
599,■■■■残１個■送料無料■最新モデル第2世代■Apple AirPods■MV7N2J/A■正規純正品■新品未開封■■■■■■■,18350
600,■■■■残１個■送料無料■最新モデル第2世代■Apple AirPods■MV7N2J/A■正規純正品■新品未開封■■■■■■■,18350
601,Apple純正 AirPods 第2世代 右 イヤホン MV7N2J/A 右耳のみ 新品未使用品,7300
602,Apple純正 AirPods 第2世代 イヤホン MV7N2J/A 充電ケース＋lighteningケーブルのみ イヤホン無し 新品未使用品,7500
603,Ae412622 Apple アップル AirPods with Charging Case MV7N2J/A イヤホン 第2世代 新品,16500
604,★新品同様★ 第2世代 Apple AirPods2 with Charging Case MV7N2J/A 【おまけ：シリコンケース付】,18000
605,送料無料第2世代Apple AirPodsMV7N2J/A新品,18390
606,[新品未使用品]AirPods (エアーポッズ/第2世代) with Charging Case 2019年 新型 MV7N2J/A 【純正】 [ワイヤレス(左右分離) /Bluetooth],19000
607,アップル(Apple) 第2世代 MV7N2J/A AirPods withCharging Caseワイヤレスヘッドフォン 送料無料 最安 新品未開封！,17000
608,新品 第2世代 Apple AirPods MV7N2J/A with Charging Case,19500
609,[新品未使用品]AirPods (エアーポッズ/第2世代) with Charging Case 2019年 新型 MV7N2J/A 【純正】 Bluetooth,17500
610,[送料無料][新品未開封][保証あり]Apple Wireless Charging Case for AirPods (第2世代) アップル エアーポッズ ワイヤレス充電 MR8U2J/A,9290
611,【送料無料】【新品未使用】第２世代Apple純正 airpods左のみL 国内正規品 左耳a,7500
612,Apple純正 AirPods 第2世代 右 イヤホン MV7N2J/A 右耳のみ 新品未使用品,7300
613,送料無料即決新品新製品 Apple アップル第2世代AirPods （エアポッド） with Charging CaseMV7N2J/Aワイヤレスイヤホン,18900
614,【送料無料】【新品未使用品】第２世代Apple純正 airpods右のみR 国内正規品 右耳,7400
615,Apple純正 AirPods 第2世代 左 イヤホン MV7N2J/A 左耳のみ 新品未使用品,7300
616,Apple純正 AirPods 第2世代 右 イヤホン MV7N2J/A 右耳のみ 新品未使用品,7300
617,Apple純正 AirPods 第2世代 イヤホン MV7N2J/A 充電ケース＋lighteningケーブルのみ イヤホン無し 新品未使用品,7500
618,Apple純正 AirPods 第2世代 右 イヤホン MV7N2J/A 右耳のみ 新品未使用品,7300
619,Apple純正 AirPods 第2世代 左 イヤホン MV7N2J/A 左耳のみ 新品未使用品,7300
620,新品同様美品 AirPods with Wireless Charging Case 第2世代 MRXJ2J/A 送料無料,17000
621,【新品】未開封 即決OK Apple AirPods 第2世代 AirPods MRXJ2J/A 完全ワイヤレスイヤホン Bluetooth マイク付き 新型 送料無料③,23480
622,【新品・未開封】☆Apple(アップル) ワイヤレス イヤホン AirPods with Wirelese Charging Case MRXJ2J/A 第2世代☆ エアポッド ／EA0,19500
623,[新品未使用品]AirPods (エアーポッズ/第2世代) with Charging Case 2019年 新型 Bluetooth MV7N2J/A 【純正】,17580
624,■■■■残１個■送料無料■最新モデル第2世代■Apple AirPods■MV7N2J/A■正規純正品■新品未開封■■■■■■■,18411
625,Apple純正 AirPods 第2世代 イヤホン MV7N2J/A 充電ケース＋lighteningケーブルのみ イヤホン無し 新品未使用品,7500
626,■■■■残１個■送料無料■最新モデル第2世代■Apple AirPods■MV7N2J/A■正規純正品■新品未開封■■■■■■■,18290
627,★新品・即決・送料無★6月18日購入★領収書付★AirPods with Charging Case Apple 純正 ワイヤレスイヤホン MV7N2J/A 第2世代.,18800
628,Apple純正 AirPods 第2世代 イヤホン MV7N2J/A 充電ケース＋lighteningケーブルのみ イヤホン無し 新品未使用品,7500
629,★新品未開封★ Apple AirPods with Wireless Charging Case MRXJ2J/A エアポッド 第２世代 ワイヤレスイヤホン ★送料無料★,20500
630,新品 未開封 Apple AirPods with Charging Case MV7N2J/A 第2世代 ワイヤレスイヤホン,17500
631,『送料無料』新品未使用 Apple純正 AirPods 第2世代 左 イヤホン MV7N2J/A 左耳のみ ゆうパケットで発送,7200
632,アップル(Apple) 第2世代 MV7N2J/A AirPods withCharging Caseワイヤレスヘッドフォン 送料無料 最安 新品未開封！,18500
633,★新品未開封★ APPLE 正規品 AirPods (第2世代) with Charging Case ワイヤレスイヤホン MV7N2J/A新型,18999
634,Apple純正 AirPods 第2世代 イヤホン MV7N2J/A 充電ケース＋lighteningケーブルのみ イヤホン無し 新品未使用品,7500
635,新品未開封 AirPods 第2世代 with Charging Case 新型 Bluetooth MV7N2J/A Appleアップル,18300
636,【新品未開封】AirPods with Wireless Charging Case MRXJ2J/A 第２世代,21000
637,★新品 未開封 Apple AirPods with Charging Case 最新モデル (第2世代) アップル エアーポッツ 本体 iphone MV7N2J-A★ジャンク扱い,18000
638,送料無料 新品 新製品 Apple アップル 第2世代 AirPods （エアポッド） with Charging Case MV7N2J/A ワイヤレスイヤホン,18900
639,新品・未開封 AirPods エアーポッズ 第2世代 2019年 新型 MV7N2J/A 商品説明要読！,19500
640,【新品】apple AirPods 第2世代 with Wireless Charging Case 2019年 新型 MRXJ2J/A,18500
641,★即決 新品未開封 保証付き 送料無料★ APPLE 正規品 AirPods (第2世代) with Charging Case ワイヤレスイヤホン MV7N2J/A,18480
642,アップル(Apple) 第2世代 MV7N2J/A AirPods withCharging Caseワイヤレスヘッドフォン 送料無料 最安 新品未開封！,18480
643,Apple(アップル) AirPods with Charging Case MV7N2J/A 第2世代 Bluetooth ワイヤレスイヤホン 本体 未開封新品,18100
644,新品未開封Apple純正 AirPods (第2世代) with Charging Case 2019年 ブルートゥースイヤホン MV7N2J/A,18000
645,◆新品未開封 AirPods with Charging Case 第2世代 MV7N2J/A◆,17500
646,新品未開封 AirPods 第2世代 Apple Airpods with Wireless Charging Case MRXJ2J/A,20300
647,新品未開封 AirPods 第2世代 with Charging Case 2019年 新型 Bluetooth MV7N2J/A Apple エアポッズ2,18300
648,【新品 未開封】 Apple AirPodsMRXJ2J/A AirPods with Wireless Charging Case 2019年 第2世代 Bluetooth,18500
649,【保証書付き・新品・未開封】 Apple AirPods 2 MRXJ2J/A AirPods with Wireless Charging Case 2019年 第2世代 Bluetooth,19500
650,【新品】Apple AirPods 第2世代 AirPods with Charging Case MV7N2J/A 完全ワイヤレスイヤホン Bluetooth マイク付き アップル ②,18000
651,【新品】Apple AirPods 第2世代 AirPods with Charging Case MV7N2J/A 完全ワイヤレスイヤホン Bluetooth マイク付き アップル ①,18500
652,★送料無料★ Apple ★ AirPods 第2世代 with Wireless Charging Case MRXJ2J/A ワイヤレス充電対応 上位モデル 新品未開封,20000
653,新品未使用未開封AirPodsWith Charging Case エアーポッズ第2世代 MV7N2J/A,17000
654,新品未使用 Apple純正 AirPods2 （第2世代） MV7N2J/A充電ケース＋付属品のみ イヤホン無しヤフネコ!パック 発送,7000
655,【新品・即決】 APPLE AirPods with Charging Case 第2世代 MV7N2J/A【送料無料】,17800
656,新品未開封 AirPods 第2世代 with Charging Case 2019年 新型 Bluetooth MV7N2J/A Apple エアポッズ2,18300
657,1円～新品未開封 アップルApple AirPods with charging case 第2世代,17500
658,第2世代新品未開封Apple AirPodswith Charging CaseMV7N2J/A②,18000
659,★即決 新品未開封 送料無料★ APPLE 正規品 AirPods (第2世代) with Charging Case ワイヤレスイヤホン MV7N2J/A新型,18500
660,[新品未使用品]AirPods (エアーポッズ/第2世代) with Charging Case 2019年 新型 Bluetooth MV7N2J/A 【純正】,18300
661,第2世代新品未開封Apple AirPodswith Charging CaseMV7N2J/A,18500
662,1円～新品 Apple(アップル)AirPods with Wireless Charging Case 第2世代 MRXJ2J/A,18500
663,『送料無料』新品未使用 Apple純正 AirPods 第2世代 右 イヤホン MV7N2J/A 右耳のみ ゆうパケットで発送,7300
664,【送料無料】【新品未使用品】第２世代Apple純正 airpods右のみR 国内正規品 右耳,7600
665,Apple純正 AirPods 第2世代 右 イヤホン MV7N2J/A 右耳のみ 新品未使用品,7300
666,★送料無料新品未開封★アップルエアポッド（第2世代）Apple Airpods with Wireless Charging Case MRXJ2J/A★ワイヤレスヘッドフォン,19800
667,送料無料即決新品新製品 Apple アップル第2世代AirPods （エアポッド） with Charging CaseMV7N2J/Aワイヤレスイヤホン,18900
668,【新品・送料込】Apple AirPods with Wireless Charging Case (第2世代・最新モデル) MRXJ2J/A,19000
669,★新品・即発送★AirPods (エアーポッズ/第2世代) with Charging Case 2019年 新型 MV7N2J/A,18499
670,☆新品☆ アップル Apple AirPods with Wireless Charging Case MRXJ2J/A エアポッド 第２世代 ワイヤレスイヤホン 送料無料！,20300
671,【Apple】純正 AirPods (第2世代) 新品未開封 シュリンク付き,23000
672,Apple純正 AirPods 第2世代 右 イヤホン MV7N2J/A 右耳のみ 新品未使用品,7300
673,Apple純正 AirPods 第2世代 イヤホン MV7N2J/A 充電ケースのみ 新品未使用品,7300
674,Apple純正 AirPods 第2世代 イヤホン MV7N2J/A 充電ケース＋lighteningケーブルのみ イヤホン無し 新品未使用品,7600
675,Ft526871 Apple アップル ワイヤレス イヤホン AirPods with Wireless Charging Case 第2世代 MRXJ2J/A 新品,18000
676,送料無料即決新品新製品 Apple アップル第2世代AirPods （エアポッド） with Charging CaseMV7N2J/Aワイヤレスイヤホン,18900
677,【新品】apple AirPods 第2世代 with Wireless Charging Case 2019年 新型 MRXJ2J/A,20055
678,Apple純正 AirPods 第2世代 イヤホン MV7N2J/A 充電ケース＋lighteningケーブルのみ イヤホン無し 新品未使用品,7600
679,送料無料 新品未開封 新型 AirPods with Charging Case Apple純正 ワイヤレスイヤホン MV7N2J/A 第2世代,18800
680,新品 未開封 Apple AirPods with Charging Case 第2世代 MV7N2J/A ワイヤレスイヤホン,18500
681,【新品】エアーポッズ 第2世代 AirPods with Charging Case Bluetoothイヤフォン アップル MV7N2J/Aワイヤレスヘッドフォン,18100
682,新品未開封 AirPods with Wireless Charging Case MRXJ2J/A 第2世代 エアポッズ,21500
683,【新品】Apple AirPods 第2世代 AirPods with Charging Case MRXJ2J/A 完全ワイヤレスイヤホン Bluetooth マイク付 アップル 07J,20500
684,Apple純正 AirPods 第2世代 左 イヤホン MV7N2J/A 左耳のみ 新品未使用品,7400
685,Apple純正 AirPods 第2世代 イヤホン MV7N2J/A 充電ケース＋lighteningケーブルのみ イヤホン無し 新品未使用品,7600
686,Apple純正 AirPods 第2世代 イヤホン MV7N2J/A 充電ケース＋lighteningケーブルのみ イヤホン無し 新品未使用品,7600
687,[新品未使用品]AirPods (エアーポッズ/第2世代) with Charging Case 2019年 新型 Bluetooth MV7N2J/A 【純正】,19500
688,新品 未開封 Apple AirPods with Charging Case MV7N2J/A 第2世代 ワイヤレスイヤホン,18000
689,1円～新品 Apple(アップル)AirPods with Wireless Charging Case 第2世代 MRXJ2J/A,19500
690,1円～新品 Apple(アップル)AirPods with Wireless Charging Case 第2世代 MRXJ2J/A,19500
691,5%off 5のつく日 新品未開封Apple純正 AirPods (第2世代) with Charging Case 2019年 ブルートゥースイヤホン MV7N2J/A,18900
692,1円～新品 Apple(アップル)AirPods with Wireless Charging Case 第2世代 MRXJ2J/A,20000
693,1円～新品 Apple(アップル)AirPods with Wireless Charging Case 第2世代 MRXJ2J/A,19850
694,第2世代新品未開封 Apple AirPods with Charging Case MV7N2J/A,18500
695,■新品未開封■Apple 純正 AirPods (第2世代) with Wireless Charging Case MRXJ2J/A 完全ワイヤレスイヤホン Bluetooth,22000
696,新品 Apple AirPods 第2世代 エアーポッズ MV7N2J/A 2019年モデル 未使用 アップル 送料無料 保証残り有り,18000
697,★即決 新品未開封 保証付き 送料無料★ APPLE 正規品 AirPods (第2世代) with Charging Case ワイヤレスイヤホン MV7N2J/A,19180
698,新品未開封 Apple AirPods (エアーポッズ/第2世代) with Charging Case 2019年 国内正規品 MV7N2J/A 納品書有 送料無料,18900
699,【新品・未開封】Apple AirPods2 MV7N2J/A 第2世代 保証書付 純正 送料無料,18680
700,95【新品・保証有】 Apple AirPods (第2世代) Wireless Charging Case ワイヤレスイヤホン MRXJ2J/A ホワイト /060,19500
701,★新品・即決・送料無★6月28日購入★領収書付★AirPods with Charging Case Apple 純正 ワイヤレスイヤホン MV7N2J/A 第2世代.,19000
702,新品未開封apple AirPods 第2世代 MV7N2J/A ⑤,18300
703,新品 未開封 Apple AirPods with Charging Case MV7N2J/A ワイヤレスイヤホン 第2世代,17500
704,新品 未開封 Apple AirPods with Charging Case 第2世代 MV7N2J/A ワイヤレスイヤホン,17500
705,【新品・未開封】Apple AirPods2 MV7N2J/A 第2世代 保証書付 純正 送料無料,18680
706,新品未開封apple AirPods 第2世代 MV7N2J/A ⑦,18300
707,新品未使用 Apple純正 AirPods MV7N2J/A 充電ケースのみ 第2世代,7000
708,【送料無料 】新品未開封Apple AirPods最新モデル 第２世代ワイヤレス充電MRXJ2J/A正規品 エアポッズ Bluetooth ②,22000
709,☆新品☆ アップル Apple AirPods with Wireless Charging Case MRXJ2J/A エアポッド 第２世代 ワイヤレスイヤホン 送料無料！,22500
710,☆新品☆ アップル Apple AirPods with Charging Case MV7N2J/A 第２世代 ワイヤレスイヤホン 送料無料！,19000
711,Apple AirPods (第2世代) MV7N2J/A 新品未開封,19000
712,【新品】apple AirPods 第2世代 with Wireless Charging Case 2019年 新型 MRXJ2J/A,21500
713,【新品未使用・未開封＆送料無料】Apple AirPods（エアーポッズ第２世代）with Charging CaseMV7N2J/A,19400
714,Apple(アップル) AirPods with Charging Case MV7N2J/A 第2世代 Bluetooth ワイヤレスイヤホン 本体 未開封新品,18000
715,Apple(アップル) AirPods with Charging Case MV7N2J/A 第2世代 Bluetooth ワイヤレスイヤホン 本体 未開封新品,18000
716,★新品・即発送★AirPods (エアーポッズ/第2世代) with Charging Case 2019年 新型 MV7N2J/A,18499
717,★☆【未開封新品】送料無料 新品 Apple第2世代AirPods（エアポッド） with Wireless Charging CaseMRXJ2J/Aワイヤレスイヤホン☆★,22000
718,新品 未開封 Apple AirPods with Charging Case MV7N2J/A 第2世代 ワイヤレスイヤホン,17900
719,Apple(アップル) AirPods with Charging Case MV7N2J/A 第2世代 Bluetooth ワイヤレスイヤホン 本体 未開封新品,18000
720,新品未開封apple AirPods 第2世代 MV7N2J/A ⑥,18300
721,1円～新品 Apple(アップル)AirPods with Wireless Charging Case 第2世代 MRXJ2J/A,21100
722,1円～新品 Apple(アップル)AirPods with Wireless Charging Case 第2世代 MRXJ2J/A,21500
723,【新品未開封・正規品】Apple アップル AirPods with Charging Case 第2世代 MV7N2J/A,18480
724,即決 新品未開封 送料込 Apple AirPods2 MV7N2J/A アップル エアーポッズ 第2世代 ワイヤレスイヤホン,18980
725,【新品・未開封】Apple AirPods2 MV7N2J/A 第2世代 保証書付 送料無料 純正,18680
726,Apple純正 AirPods 第2世代 イヤホン MV7N2J/A 充電ケース＋lighteningケーブルのみ イヤホン無し 新品未使用品,7600
727,★新品★AirPods (エアーポッズ/第2世代) with Charging Case 2019年 国内正規品 MV7N2J/A★送料無料,19380
728,【新品・未開封】Apple AirPods2 MV7N2J/A 第2世代 保証書付 純正 送料無料,18670
729,送料無料即決新品新製品 Apple アップル第2世代AirPods （エアポッド） with Charging CaseMV7N2J/Aワイヤレスイヤホン,18900
730,Apple(アップル) AirPods with Charging Case MV7N2J/A 第2世代 Bluetooth ワイヤレスイヤホン 本体 未開封新品,18000
731,新品 Apple AirPods 第2世代 エアーポッズ MV7N2J/A 2019年モデル 未使用 アップル 送料無料 保証残り有り,18200
732,Apple純正 AirPods 第2世代 右 イヤホン MV7N2J/A 右耳のみ 新品未使用品,7400
733,Apple純正 AirPods 第2世代 左 イヤホン MV7N2J/A 左耳のみ 新品未使用品,7400
734,新品未開封apple AirPods 第2世代 MV7N2J/A ①,18300
735,新品未開封apple AirPods 第2世代 MV7N2J/A ③,17500
736,Apple純正 AirPods 第2世代 イヤホン MV7N2J/A 充電ケース＋lighteningケーブルのみ イヤホン無し 新品未使用品,7600
737,Apple(アップル) AirPods with Charging Case MV7N2J/A 第2世代 Bluetooth ワイヤレスイヤホン 本体 未開封新品,18000
738,【新品未開封】AirPods with Wireless Charging Case MRXJ2J/A 第２世代,22000
739,第2世代新品未開封 Apple AirPods with Charging Case MV7N2J/A,18500
740,即決 新品未開封 送料込 Apple AirPods2 MV7N2J/A アップル エアーポッズ 第2世代 ワイヤレスイヤホン,18980
741,★新品・即決・送料無★6月18日購入★領収書付★AirPods with Charging Case Apple 純正 ワイヤレスイヤホン MV7N2J/A 第2世代.,19000
742,★即決 新品未開封 保証付き 送料無料★ APPLE 正規品 AirPods (第2世代) with Charging Case ワイヤレスイヤホン MV7N2J/A,19480
743,送料無料 新品未開封 新型 AirPods with Charging Case Apple純正 ワイヤレスイヤホン MV7N2J/A 第2世代,18800
744,Apple AirPods (第2世代) MV7N2J/A 新品未開封匿名配送送料無料,18500
745,新品未開封 Apple AirPods (エアーポッズ/第2世代) with Charging Case 2019年 国内正規品 MV7N2J/A 納品書有 送料無料,18900
746,【新品】Apple AirPods 第2世代 AirPods with Charging Case MRXJ2J/A 完全ワイヤレスイヤホン Bluetooth マイク付き アップル CCJ,22800
747,【新品】Apple AirPods 第2世代 AirPods with Charging Case MV7N2J/A 完全ワイヤレスイヤホン Bluetooth マイク付き アップル 即決OK,19800
748,【送料無料 】新品未開封Apple AirPods最新モデル 第２世代ワイヤレス充電MRXJ2J/A正規品 エアポッズ Bluetooth ②,22000
749,【新品未開封・正規品】Apple アップル AirPods with Charging Case 第2世代 MV7N2J/A,18480
750,【新品】Apple AirPods 第2世代 AirPods with Charging Case MRXJ2J/A 完全ワイヤレスイヤホン Bluetooth マイク付 アップル C8J,23800
751,第2世代新品未開封Apple AirPodswith Charging CaseMV7N2J/A②,18500
752,第2世代新品未開封Apple AirPodswith Charging CaseMV7N2J/A,18500
753,Ae412622 Apple アップル AirPods with Charging Case MV7N2J/A イヤホン 第2世代 新品,17000
754,【新品未開封】第2世代モデル AirPods with Wireless Charging Case MRXJ2J/A,20800
755,送料無料即決新品新製品 Apple アップル第2世代AirPods （エアポッド） with Charging CaseMV7N2J/Aワイヤレスイヤホン,18900
756,Apple純正 AirPods 第2世代 右 イヤホン MV7N2J/A 右耳のみ 新品未使用品,7400
757,Apple純正 AirPods 第2世代 左 イヤホン MV7N2J/A 左耳のみ 新品未使用品,7400
758,Apple純正 AirPods 第2世代 右 イヤホン MV7N2J/A 右耳のみ 新品未使用品,7400
759,Apple純正 AirPods 第2世代 左 イヤホン MV7N2J/A 左耳のみ 新品未使用品,7400
760,Apple純正 AirPods 第2世代 右 イヤホン MV7N2J/A 右耳のみ 新品未使用品,7400
761,【送料無料】【新品】 AirPods (エアーポッズ/第2世代) with Charging Case 2019年 新型 MV7N2J/A 【純正】アップルApple,18798
762,Apple純正 AirPods 第2世代 イヤホン MV7N2J/A 充電ケース＋lighteningケーブルのみ イヤホン無し 新品未使用品,7600
763,送料無料 新品未開封 新型 AirPods with Charging Case Apple純正 ワイヤレスイヤホン MV7N2J/A 第2世代,18400
764,新品未開封Apple純正 AirPods (第2世代) with Charging Case 2019年 ブルートゥースイヤホン MV7N2J/A,18000
765,Apple(アップル) AirPods with Charging Case MV7N2J/A 第2世代 Bluetooth ワイヤレスイヤホン 本体 未開封新品,18000
766,【送料無料 】新品未開封Apple AirPods最新モデル 第２世代ワイヤレス充電MRXJ2J/A正規品 エアポッズ Bluetooth ①,22000
767,【新品未開封】Apple AirPods with Charging Case（第2世代）(MV7N2J/A)【送料無料】,18500
768,【新品未開封】 第2世代モデル AirPods with Wireless Charging Case MRXJ2J/A,20300
769,第2世代新品未開封Apple AirPodswith Charging CaseMV7N2J/A,17500
770,1円～新品 Apple(アップル)AirPods with Wireless Charging Case 第2世代 MRXJ2J/A,21301
771,1円～新品 Apple(アップル)AirPods with Wireless Charging Case 第2世代 MRXJ2J/A,21000
772,新品未開封apple AirPods 第2世代 MV7N2J/A ②,18300
773,【第2世代】Apple AirPods MV7N2J/A 新品未開封送料無料,18980
774,新品未開封Apple純正 AirPods (第2世代) with Charging Case 2019年 ブルートゥースイヤホン MV7N2J/A,18000
775,【新品・未開封】Apple AirPods 第2世代MV7N2J/A1台 第1世代MMEF2J/A2台,52500
776,Apple(アップル) AirPods with Charging Case MV7N2J/A 第2世代 Bluetooth ワイヤレスイヤホン 本体 未開封新品,18000
777,【送料無料】新品未開封 Apple AirPods 第2世代 MV7N2J/A 2019年モデルその3,18000
778,★即決 新品未開封 送料無料★ APPLE 正規品 AirPods (第2世代) with Charging Case ワイヤレスイヤホン MV7N2J/A新型,17200
779,★新品・即決・送料無★6月18日購入★領収書付★AirPods with Charging Case Apple 純正 ワイヤレスイヤホン MV7N2J/A 第2世代.,19000
780,新品未使用 Apple純正 AirPods MV7N2J/A 充電ケースのみ 第2世代,7700
781,★新品未開封 送料無料 即決★ APPLE 正規品 AirPods (第2世代) with Charging Case ワイヤレスイヤホン MV7N2J/A新型,18000
782,1円～新品 Apple(アップル)AirPods with Wireless Charging Case 第2世代 MRXJ2J/A,22000
783,★☆新品未開封 ６月２３日購入 送料無料 Apple airpods MV7N2J/A 第２世代 保証書貼付用付き 匿名配送 ３台まで☆★,18480
784,1円～新品 Apple(アップル)AirPods with Wireless Charging Case 第2世代 MRXJ2J/A,22500
785,Apple純正 AirPods 第2世代 イヤホン MV7N2J/A 充電ケース＋lighteningケーブルのみ イヤホン無し 新品未使用品,7600
786,【新品】Apple AirPods 第2世代 AirPods with Charging Case MV7N2J/A 完全ワイヤレスイヤホン Bluetooth マイク付き アップル ①,17000
787,■■■■残１個■送料無料■最新モデル第2世代■Apple AirPods■MV7N2J/A■正規純正品■新品未開封■■■■■■■,18399
788,Apple AirPods 第2世代 MV7N2J/A 新品未開封C,17500
789,【新品】apple AirPods 第2世代 with Wireless Charging Case 2019年 新型 MRXJ2J/A,21000
790,新品・未開封AirPods 第２世代2019年モデル型番MV7N2JA管理①,18000
791,【送料無料】【新品未使用】第２世代Apple純正 airpods左のみL 国内正規品 左耳,7700
792,Apple純正 AirPods 第2世代 イヤホン MV7N2J/A 充電ケースのみ 新品未使用品,7300
793,Apple純正 AirPods 第2世代 左 イヤホン MV7N2J/A 左耳のみ 新品未使用品,7400
794,Apple純正 AirPods 第2世代 イヤホン MV7N2J/A 充電ケース＋lighteningケーブルのみ イヤホン無し 新品未使用品,7600
795,★☆新品未開封 ６月２３日購入 送料無料 Apple airpods MV7N2J/A 第２世代 保証書貼付用付き 匿名配送 ３台まで☆★,18480
796,【送料無料】新品 未開封 第2世代 Apple AirPodswith Charging Case MV7N2J/A,18500
797,【新品未開封・正規品】Apple アップル AirPods with Wireless Charging Case 第2世代 MRXJ2J/A ワイヤレス充電対応,22750
798,第2世代モデル AirPods with Wireless Charging Case MRXJ2J/A 新品未開封,22000
799,Apple純正 AirPods 第2世代 右 イヤホン MV7N2J/A 右耳のみ 新品未使用品,7150
800,【送料無料 新品 未使用 未開封】 AirPods 第2世代 with Charging Case MV7N2J/A,18200
801,新品未開封 Apple AirPods (エアーポッズ/第2世代) with Charging Case 2019年 国内正規品 MV7N2J/A 納品書コピー有 送料無料,18500
802,■■■■■最新モデル第2世代■Apple AirPods■MV7N2J/A■正規純正品■新品未開封■■■■■■,17000
803,Apple AirPods (第2世代) MV7N2J/A 新品未開封品,18000
804,Apple AirPods 第2世代 MV7N2J/A 新品未開封A,18000
805,新品 未開封 第2世代 第二世代 Apple AirPodswith Charging Case MV7N2J/A,18300
806,Apple AirPods 第2世代 MV7N2J/A 新品未開封B,17000
807,Apple純正 AirPods 第2世代 右 イヤホン MV7N2J/A 右耳のみ 新品未使用品,7400
808,送料無料即決新品新製品 Apple アップル第2世代AirPods （エアポッド） with Charging CaseMV7N2J/Aワイヤレスイヤホン,18900
809,Apple純正 AirPods 第2世代 右 イヤホン MV7N2J/A 右耳のみ 新品未使用品,7400
810,【送料無料】新品未開封 Apple AirPods 第2世代 MV7N2J/A 2019年モデルその2,18000
811,【送料無料/匿名配送】新品 Apple AirPods with Charging Case 第2世代 MV7N2J/A,17980
812,即決 新品未開封 送料込 Apple AirPods2 MV7N2J/A アップル エアーポッズ 第2世代 ワイヤレスイヤホン,18980
813,送料無料あります！新品未開封 AirPods 第2世代 Apple MRXJ2J/A AirPods with Wireless Charging Case,22000
814,第2世代新品未開封Apple AirPodswith Charging CaseMV7N2J/A②,17000
815,送料無料あり！第2世代新品未開封Apple AirPodswith Charging CaseMV7N2J/A,17000
816,第2世代新品未開封Apple AirPodswith Charging CaseMV7N2J/A,19000
817,新品未開封 Apple Airpods 第2世代 with Charging Case 保証付き MV7NJ2J/A,18500
818,【新品未開封品】AirPods with Charging Case MV7N2J/A ワイヤレスイヤホン 第2世代 2019年発売,19000
819,第2世代新品未開封Apple AirPodswith Charging CaseMV7N2J/A,19000
820,【送料無料】新品未開封 Apple AirPods 第2世代 MV7N2J/A 2019年モデル,18000
821,Apple純正 AirPods 第2世代 イヤホン MV7N2J/A 充電ケース＋lighteningケーブルのみ イヤホン無し 新品未使用品,7800
822,新品未使用 Apple純正 AirPods2 （第2世代） MV7N2J/A充電ケース＋付属品のみ イヤホン無しヤフネコ!パック 発送,7000
823,【新品未開封】送料込 Apple AirPods2 MV7N2J/A アップル エアーポッズ 第2世代 ワイヤレスイヤホン,17980
824,新品 未開封 第2世代 第二世代 Apple AirPodswith Charging Case MV7N2J/A,18300
825,【送料無料/匿名配送】新品 Apple AirPods with Charging Case 第2世代 MV7N2J/A,18000
826,新品未使用 Apple純正 AirPods2 （第2世代） MV7N2J/A充電ケース＋付属品のみ イヤホン無しヤフネコ!パック 発送,7000
827,【送料無料】【新品未使用品】第２世代Apple純正 airpods右のみR 国内正規品 右耳,7700
828,新品・未開封AirPods 第２世代2019年モデル型番MV7N2JA管理③,18000
829,■■■■■送料無料■最新モデル第2世代■Apple AirPods■MV7N2J/A■正規純正品■新品未開封■■■■■■■,18479
830,Apple(アップル) AirPods with Charging Case MV7N2J/A 第2世代 Bluetooth ワイヤレスイヤホン 本体 未開封新品,18200
831,[新品・未開封] AirPods 第2世代 2019年型 with Charging Case MV7N2J/A,18000
832,★即決 新品未開封 送料無料★ APPLE 正規品 AirPods (第2世代) with Charging Case ワイヤレスイヤホン MV7N2J/A新型,18000
833,◆AirPods with Charging Case MV7N2J/A 第2世代 【送料無料】Bluetooth ワイヤレスイヤフォン 未開封新品Apple(アップル) ５のつく日,18590
834,■■■■■送料無料■最新モデル第2世代■Apple AirPods■MV7N2J/A■正規純正品■新品未開封■■■■■■■,18479
835,Apple正規品AirPods新品MV7N2J/Aエアポッズ 保証書あり第2世代最新モデル,18500
836,【新品】Apple AirPods 第2世代 AirPods with Charging Case MV7N2J/A 完全ワイヤレスイヤホン Bluetooth マイク付き アップル ②,17980
837,新品 未開封 第2世代 第二世代 Apple AirPodswith Charging Case MV7N2J/A,18600
838,Apple純正 AirPods 第2世代 左 イヤホン MV7N2J/A 左耳のみ 新品未使用品,7500
839,即決 新品未開封 送料込 Apple AirPods2 MV7N2J/A アップル エアーポッズ 第2世代 ワイヤレスイヤホン,18980
840,★ 新品未開封 送料無料 即決★ APPLE 正規品 AirPods (第2世代) with Charging Case ワイヤレスイヤホン MV7N2J/A新型,18000
841,●AirPods with Charging Case MV7N2J/A 第2世代 【送料無料】Bluetooth ワイヤレスイヤフォン 未開封新品Apple(アップル) ５のつく日,18590
842,【送料無料】【新品未使用品】第２世代Apple純正 airpods右のみR 国内正規品 右耳a,7700
843,【送料無料 】新品未開封Apple AirPods最新モデル 第２世代MV7N2J/A正規品 エアポッズ Bluetooth ⑥,19000
844,★新品未開封★ APPLE 正規品 AirPods (第2世代) with Charging Case ワイヤレスイヤホン MV7N2J/A新型,18999
845,★新品未開封 送料無料★ APPLE 正規品 AirPods (第2世代) with Charging Case ワイヤレスイヤホン MV7N2J/A新型,19800
846,新品未開封 AirPods (エアーポッズ/第2世代) with Charging Case 2019年 国内正規品 MV7N2J/A レシート有 送料無料,18900
847,【Apple】純正 AirPods (第2世代) with Wireless Charging Case ブルートゥースイヤホン・フルワイヤレス・インナーイヤー（MRXJ2J/A）新品,26400
848,第2世代新品未開封Apple AirPodswith Charging CaseMV7N2J/A③,19000
849,★新品★AirPods (エアーポッズ/第2世代) with Charging Case 2019年 国内正規品 MV7N2J/A★送料無料,19490
850,即決 新品未開封 送料込 Apple AirPods2 MV7N2J/A アップル エアーポッズ 第2世代 ワイヤレスイヤホン,18980
851,【送料無料 】新品未開封Apple AirPods最新モデル 第２世代MV7N2J/A正規品 エアポッズ Bluetooth ⑤,18700
852,★☆【未開封新品】送料無料 新品 Apple第2世代AirPods（エアポッド） with Wireless Charging CaseMRXJ2J/Aワイヤレスイヤホン☆★,23800
853,アップル APPLE AirPods (エアーポッズ/第2世代) with Charging Case MV7N2J/A 新品未開封 ヤフネコ!宅急便コンパクト送料無料,18980
854,新品・未開封AirPods 第２世代2019年モデル型番MV7N2JA管理③,18000
855,第2世代モデル「AirPods with Wireless Charging Case」MRXJ2J/A 新品未開封,23500
856,【新品】Apple AirPods 第2世代 AirPods with Charging Case MV7N2J/A 完全ワイヤレスイヤホン Bluetooth マイク付き アップル ⑥,18500
857,第2世代新品未開封Apple AirPodswith Charging CaseMV7N2J/A②,18500
858,第2世代新品未開封Apple AirPodswith Charging CaseMV7N2J/A,18000
859,★新品未開封【保証付】即決★APPLE 正規品 AirPods (第2世代) with Charging Case ワイヤレスイヤホン MV7N2J/A新型 2019年モデル,18500
860,『送料無料』新品未使用 Apple純正 AirPods 第2世代 左 イヤホン MV7N2J/A 左耳のみ ゆうパケットで発送,7480
861,◎AirPods with Charging Case MV7N2J/A 第2世代 【送料無料】Bluetooth ワイヤレスイヤフォン 未開封新品Apple(アップル) Sundayくじ,18590
862,【新品】AhaStyle AirPods ケース AirPods第2世代と第1世代に適用 (前のL C1876YI72R,1150
863,【送料無料】【新品未使用】第２世代Apple純正 airpods左のみL 国内正規品 左耳,7700
864,即決 新品未開封 送料込 Apple AirPods2 MV7N2J/A アップル エアーポッズ 第2世代 ワイヤレスイヤホン,18980
865,Apple純正 AirPods 第2世代 イヤホン MV7N2J/A 充電ケース＋lighteningケーブルのみ イヤホン無し 新品未使用品,7800
866,『送料無料』新品未使用 Apple純正 AirPods 第2世代 右 イヤホン MV7N2J/A 右耳のみ ゆうパケットで発送,7480
867,新品・未開封AirPods 第２世代2019年モデル型番MV7N2JA管理①,18000
868,【新品 未開封】 Apple AirPodsMV7N2J/A AirPods with Charging Case 第2世代 完全ワイヤレスイヤホン Bluetooth,17400
869,第2世代モデル AirPods with Wireless Charging Case MRXJ2J/A 新品未開封,22500
870,【新品】Apple AirPods 第2世代 AirPods with Charging Case MV7N2J/A 完全ワイヤレスイヤホン Bluetooth マイク付き アップル ①,17000
871,【新品未開封】Apple AirPods with Charging Case（第2世代）(MV7N2J/A)【送料無料】,18000
872,【新品未開封】送料無料【即決】apple 正規品 AirPods (第2世代) with Charging Case ワイヤレスイヤホン MV7N2J/A新型 メーカー保証付,18600
873,Apple純正 AirPods 第2世代 左 イヤホン MV7N2J/A 左耳のみ 新品未使用品,7500
874,新品未開封 AirPods 第2世代 Apple MRXJ2J/A AirPods with Wireless Charging Case,22500
875,Apple純正 AirPods 第2世代 イヤホン MV7N2J/A 充電ケース＋lighteningケーブルのみ イヤホン無し 新品未使用品,7800
876,【新品未開封】【送料無料】Apple純正 AirPods (第2世代) with Wireless Charging Case 2019年 ブルートゥースイヤホン（MRXJ2J/A）,24000
877,新品・未開封AirPods 第２世代2019年モデル型番MV7N2J/A管理②,18000
878,【大黒屋】新品 未開封 Apple AirPods 第２世代 MRXJ2J/A,20500
879,送料無料◆未開封未使用新品◆Apple AirPods with Charging Case 第2世代 MV7N2J/A ★安心の未アクティベート品,18980
880,【新品】未開封 即決 Apple AirPods 第2世代 AirPods MRXJ2J/A 完全ワイヤレスイヤホン Bluetooth マイク付き 新型 送料無料,23000
881,[新品・未開封] AirPods 第2世代 2019年型 with Charging Case MV7N2J/A,18600
882,アップル APPLE AirPods (エアーポッズ/第2世代) with Charging Case MV7N2J/A 新品未開封 ヤフネコ!宅急便コンパクト送料無料,18980
883,Apple純正 AirPods 第2世代 左 イヤホン MV7N2J/A 左耳のみ 新品未使用品,7500
884,Apple AirPods2 MV7N2J/A エアーポッズ 第2世代 ワイヤレスイヤホン 新品未開封 ①,18500
885,新品 未開封 Apple AirPods with Charging Case MV7N2J/A 第2世代 ワイヤレスイヤホン,17900
886,【新品未開封】第2世代 Apple AirPodswith Charging Case MV7N2J/A,19000
887,『送料無料』新品未使用 Apple純正 AirPods 第2世代 左 イヤホン MV7N2J/A 左耳のみ ゆうパケットで発送,7480
888,Apple純正 AirPods 第2世代 イヤホン MV7N2J/A 充電ケース＋lighteningケーブルのみ イヤホン無し 新品未使用品,7800
889,Apple純正 AirPods 第2世代 イヤホン MV7N2J/A 充電ケース＋lighteningケーブルのみ イヤホン無し 新品未使用品,7800
890,即決 新品未開封 送料込 Apple AirPods2 MV7N2J/A アップル エアーポッズ 第2世代 ワイヤレスイヤホン エアポッズ,18980
891,新品未開封 AirPods MV7N2J/A 第2世代,18180
892,Apple純正 AirPods 第2世代 イヤホン MV7N2J/A 充電ケース＋lighteningケーブルのみ イヤホン無し 新品未使用品,7800
893,【新品】Apple AirPods 第2世代 AirPods with Charging Case MV7N2J/A 完全ワイヤレスイヤホン Bluetooth マイク付き アップル ②,17980
894,新品未開封 Apple Airpods 第2世代 with Charging Case 保証付き MV7NJ2J/A,18200
895,【送料無料】【新品未使用】第２世代Apple純正 airpods左のみL 国内正規品 左耳,7700
896,新品 Apple AirPods 第2世代 エアーポッズ MV7N2J/A 2019年モデル 未使用 アップル 送料無料 保証残りあり,19000
897,★即日発送(送料無料)★Apple純正品(正規品)★新品(未使用品)★充電ケース(A1602)のみ★AirPods(第2世代)★,7780
898,新品 未開封 Apple AirPods with Wireless Charging Case MRXJ2J/A アップル 第2世代 ワイヤレスイヤホン 送料無料,23800
899,【送料無料】【新品未使用品】第２世代Apple純正 airpods右のみR 国内正規品 右耳,7700
900,新品未開封Apple純正 AirPods (第2世代) with Charging Case 2019年 ブルートゥースイヤホン MV7N2J/A,18520
901,【送料無料 】新品未開封Apple AirPods最新モデル 第２世代MV7N2J/A正規品 エアポッズ Bluetooth ④,19000
902,【新品】Apple AirPods 第2世代 AirPods with Charging Case MV7N2J/A 完全ワイヤレスイヤホン Bluetooth マイク付き アップル ⑤,21800
903,★新品未開封 送料無料 即決★ APPLE 正規品 AirPods (第2世代) with Charging Case ワイヤレスイヤホン MV7N2J/A新型,18500
904,【新品未開封】第2世代 Apple AirPodswith Charging Case MV7N2J/A,18500
905,☆新品☆ アップル Apple AirPods with Charging Case MV7N2J/A 第２世代 ワイヤレスイヤホン 送料無料！,18500
906,【新品】apple AirPods 第2世代 with Wireless Charging Case 2019年 新型 MRXJ2J/A,22500
907,【新品未開封】送料無料【即決】apple 正規品 AirPods (第2世代) with Charging Case ワイヤレスイヤホン MV7N2J/A新型 メーカー保証付,19500
908,新品未開封第2世代 AirPods MV7N2J/A 送料無料②,18500
909,【送料無料】【新品未使用品】第２世代Apple純正 airpods右のみR 国内正規品 右耳,7700
910,新品未開封第2世代 AirPods MV7N2J/A 送料無料③,18500
911,Airpods 第2世代 新品未開封,20000
912,新品未開封第2世代 AirPods MV7N2J/A 送料無料,18500
913,新品未開封 Apple Airpods 第2世代 with Wireless Charging Case 保証付き MV7NJ2J/A,23800
914,【新品未開封】送料無料【即決】apple 正規品 AirPods (第2世代) with Charging Case ワイヤレスイヤホン MV7N2J/A新型 メーカー保証付,18500
915,新品未開封 Apple Airpods 第2世代 with Wireless Charging Case 保証付き MRXJ2J/A,23500
916,★新品・即発送★AirPods (エアーポッズ/第2世代) with Charging Case 2019年 新型 MV7N2J/A,18999
917,【新品未開封】【送料無料】Apple純正 AirPods (第2世代) with Wireless Charging Case 2019年 ブルートゥースイヤホン（MRXJ2J/A）,24000
918,【新品 未開封】 Apple AirPodsMV7N2J/A AirPods with Charging Case 第2世代 完全ワイヤレスイヤホン Bluetooth マイク付き,18500
919,DD0058-190602-110【未開封】アップル Apple MV7N2J/A 第2世代 AirPods with Charging Case 最新モデル 新品未開封 イヤフォン イヤホン,17600
920,第2世代モデル「AirPods with Wireless Charging Case」MRXJ2J/A 新品未開封,24000
921,『送料無料』新品未使用 Apple純正 AirPods 第2世代 右 イヤホン MV7N2J/A 右耳のみ ゆうパケットで発送,7480
922,第2世代新品未開封Apple AirPodswith Charging CaseMV7N2J/A ②,18500
923,★即決 新品未開封 送料無料★ APPLE 正規品 AirPods (第2世代) with Charging Case ワイヤレスイヤホン MV7N2J/A新型,19100
924,k281*80【新品未開封】第2世代 Apple AirPods with Charging Case MV7N2J/A,17500
925,(3)新品未使用未開封 アップル Apple MV7N2J/A [AirPods 第2世代] 2019年6月購入,19990
926,送料無料 新品未開封 新型 AirPods with Wireless Case Apple純正 ワイヤレスイヤホン MRXJ2J/A 第2世代,23500
927,Apple純正 AirPods 第2世代 右 イヤホン MV7N2J/A 右耳のみ 新品未使用品,7500
928,『送料無料』新品未使用 Apple純正 AirPods 第2世代 左 イヤホン MV7N2J/A 左耳のみ ゆうパケットで発送,7480
929,未開封 新品 Apple AirPods 第2世代 AirPods with Charging Case MV7N2J/A 完全ワイヤレスイヤホン Bluetooth マイク付 アップル,17980
930,【即決】新品未開封送料無料 第2世代 Apple AirPods with Wireless Charging Case MRXJ2J/A,24000
931,★新品未開封 送料無料 即決★ APPLE 正規品 AirPods (第2世代) with Charging Case ワイヤレスイヤホン MV7N2J/A新型,20000
932,【未開封・新品】アップルエアポッズ第2世代 AirPods with Wireless Charging Case MRXJ2J/A,23500
933,新品未開封Apple純正 AirPods (第2世代) with Charging Case 2019年 ブルートゥースイヤホン MV7N2J/A,19500
934,『送料無料』新品未使用 Apple純正 AirPods 第2世代 右 イヤホン MV7N2J/A 右耳のみ ゆうパケットで発送,7480
935,k281*80【新品未開封】第2世代 Apple AirPods with Charging Case MV7N2J/A,16000
936,第2世代新品未開封Apple AirPodswith Charging CaseMV7N2J/A,18000
937,第2世代新品未開封Apple AirPodswith Charging CaseMV7N2J/A,18000
938,Apple純正 AirPods 第2世代 右 イヤホン MV7N2J/A 右耳のみ 新品未使用品,7500
939,★☆【未開封新品】送料無料 新品 Apple第2世代AirPods（エアポッド） with Wireless Charging CaseMRXJ2J/Aワイヤレスイヤホン☆★,24900
940,新品 Apple AirPods 第2世代 エアーポッズ MV7N2J/A 2019年モデル,20800
941,未開封 新品 Apple AirPods 第2世代 AirPods with Charging Case MV7N2J/A 完全ワイヤレスイヤホン Bluetooth マイク付 アップル,16980
942,未開封 新品 Apple AirPods 第2世代 AirPods with Charging Case MV7N2J/A 完全ワイヤレスイヤホン Bluetooth マイク付 アップル,16980
943,Apple純正 AirPods 第2世代 右 イヤホン MV7N2J/A 右耳のみ 新品未使用品,7500
944,新品 Apple AirPods 第2世代 エアーポッズ MV7N2J/A 2019年モデル,20800
945,新品★送料込★Apple アップル AirPods with Charging Case MV7N2J/A 第2世代★保証用レシートあり,19500
946,【未開封・新品】アップルエアポッズ第2世代 AirPods with Wireless Charging Case MRXJ2J/A,23500
947,新品 未開封 Apple AirPods with ChargingCase (第2世代) ワイヤレスイヤホン MV7N2J/A S5-76 即日発送 ☆,18800
948,【送料無料 】新品未開封Apple AirPods 第２世代正規品 エアポッズ Bluetooth ③,19800
949,新品 未開封 Apple AirPods with ChargingCase (第2世代) ワイヤレスイヤホン MV7N2J/A S5-76 ☆即日発送★,18800
950,送料無料 新品未開封 新型 AirPods with Wireless Case Apple純正 ワイヤレスイヤホン MRXJ2J/A 第2世代,23500
951,新品 未開封 Apple AirPods with ChargingCase (第2世代) ワイヤレスイヤホン MV7N2J/A S5-76 即日発送 ☆,18800
952,【送料無料 新品未開封即発送】AirPods (エアーポッズ/第2世代) with Charging Case 2019年 MV7N2J/A 左右分離型ワイヤレスイヤホン,19800
953,【新品】Apple AirPods 第2世代 AirPods with Charging Case MV7N2J/A 完全ワイヤレスイヤホン Bluetooth マイク付き アップル ⑤,17611
954,【新品】Apple AirPods 第2世代 AirPods with Charging Case MV7N2J/A 完全ワイヤレスイヤホン Bluetooth マイク付き アップル ④,18000
955,【新品】Apple AirPods 第2世代 AirPods with Charging Case MV7N2J/A 完全ワイヤレスイヤホン Bluetooth マイク付き アップル ③,18000
956,【新品】Apple AirPods 第2世代 AirPods with Charging Case MV7N2J/A 完全ワイヤレスイヤホン Bluetooth マイク付き アップル ①,18000
957,【新品】Apple AirPods 第2世代 AirPods with Charging Case MV7N2J/A 完全ワイヤレスイヤホン Bluetooth マイク付き アップル ②,18000
958,第2世代新品未開封Apple AirPodswith Charging CaseMV7N2J/A ②,18100
959,第2世代新品未開封Apple AirPodswith Charging CaseMV7N2J/A,17500
960,Airpods 第2世代 新品未開封,20000
961,新品 未開封 MV7N2J/A AirPods with Charging Case 第2世代 ワイヤレスイヤホン,18500
962,Apple純正 AirPods 第2世代 右 イヤホン MV7N2J/A 右耳のみ 新品未使用品,7500
963,【送料無料】【新品未使用】第２世代Apple純正 airpods左のみL 国内正規品 左耳,7600
964,Apple純正 AirPods 第2世代 右 イヤホン MV7N2J/A 右耳のみ 新品未使用品,7500
965,【新品】apple AirPods 第2世代 with Wireless Charging Case 2019年 新型 MRXJ2J/A,23600
966,Apple純正 AirPods 第2世代 左 イヤホン MV7N2J/A 左耳のみ 新品未使用品,7500
967,Airpods 第2世代 Apple 新品未開封,19000
968,Airpods 第2世代 新品未開封 MV7N2J/A,20500
969,★新品未開封 送料無料★ APPLE 正規品 AirPods (第2世代) with Charging Case ワイヤレスイヤホン MV7N2J/A新型,18500
970,新品未開封 Apple Airpods 第2世代 with Charging Case 保証付き MV7N2J/A,19500
971,【送料無料】【新品未使用品】第２世代Apple純正 airpods右のみR 国内正規品 右耳,7600
972,新品 未使用 Apple AirPods 第2世代 エアーポッズ MV7N2J/A 2019年モデル mv7n2j-a 日曜くじ AirPods with Charging Case,19400
973,送料無料 新品未開封 新型 AirPods with Wireless Case Apple純正 ワイヤレスイヤホン MRXJ2J/A 第2世代,24200
974,【未開封・新品】アップルエアポッズ第2世代 AirPods with Wireless Charging Case MRXJ2J/A,23500
975,(2)新品未使用未開封 アップル Apple MV7N2J/A [AirPods 第2世代] 2019年6月購入,19500
976,新品未開封Apple純正 AirPods (第2世代) with Charging Case 2019年 ブルートゥースイヤホン MV7N2J/A,19500
977,新品未開封 AirPods 第２世代 Apple MRXJ2J/A,23000
978,★アップル エアポッズ 第2世代 AirPods with Wireless Charging Case MRXJ2J/A 新品未開封 送料込み♪,23500
979,★アップル エアポッズ 第2世代 AirPods with Charging Case MV7N2J/A 新品未開封 即納・送料込み♪,19700
980,新品未開封Apple純正 AirPods (第2世代) with Charging Case 2019年 ブルートゥースイヤホン MV7N2J/A,19500
981,■■■■■送料無料■最新モデル第2世代■Apple AirPods■MV7N2J/A■正規純正品■新品未開封■■■■■■■,20477
982,新品未開封第2世代 AirPods MV7N2J/A 送料無料,18500
983,★即決 新品未開封 送料無料★ APPLE 正規品 AirPods (第2世代) with Charging Case ワイヤレスイヤホン MV7N2J/A新型,20000
984,★即日発送(送料無料)★Apple純正品(正規品)★新品(未使用品)★充電ケース(A1602)のみ★AirPods(第2世代)★,7780
985,新品未開封Apple純正 AirPods (第2世代) with Charging Case 2019年 ブルートゥースイヤホン MV7N2J/A,19390
986,【送料無料】【新品】AirPods (エアーポッズ/第2世代) with Charging Case 2019年 新型 MV7N2J/A 【純正】アップルApple,19798
987,(1)新品未使用未開封 アップル Apple MV7N2J/A [AirPods 第2世代] 2019年6月購入,19990
988,新品未開封 AirPods 第2世代 Apple MRXJ2J/A AirPods with Wireless Charging Case 同梱可,24800
989,Apple純正 AirPods 第2世代 イヤホン MV7N2J/A 充電ケース＋lighteningケーブルのみ イヤホン無し 新品未使用品,8300
990,AirPods2 第2世代 エアポッズ2 Apple アップル MV7N2J/A 新品,21000
991,☆新品☆ アップル Apple AirPods with Charging Case MV7N2J/A 第２世代 ワイヤレスイヤホン 送料無料！,18990
992,【送料無料】【新品未使用品】第２世代Apple純正 airpods右のみR 国内正規品 右耳,7600
993,第2世代 新品未開封 Apple AirPods with Charging Case MV7N2J/A ②,19500
994,新品 未開封 Apple AirPods with ChargingCase (第2世代) ワイヤレスイヤホン MV7N2J/A S5-76 ☆即日発送☆,19400
995,送料無料即決新品新製品 Apple アップル第2世代AirPods （エアポッド） with Charging CaseMV7N2J/Aワイヤレスイヤホン,20980
996,第2世代新品未開封Apple AirPodswith Charging CaseMV7N2J/A,19500
997,新品 未開封 Apple AirPods with ChargingCase (第2世代) ワイヤレスイヤホン MV7N2J/A S5-76 即日発送,19400
998,★新品・即発送★AirPods (エアーポッズ/第2世代) with Charging Case 2019年 新型 MV7N2J/A,20800
999,新品 アップル Apple AirPods エアーポッズ 第2世代 with Charging Case 2019年 新型 MV7N2J/A,19500
1000,第2世代 新品未開封 Apple AirPods with Charging Case MV7N2J/A ③,19500
1001,新品 未開封 Apple AirPods with ChargingCase (第2世代) ワイヤレスイヤホン MV7N2J/A S5-76 即日発送,19400
1002,新品 未開封 Apple AirPods with ChargingCase (第2世代) ワイヤレスイヤホン MV7N2J/A S5-76 ☆即日発送☆,19400
1003,新品 未開封 Apple AirPods with ChargingCase (第2世代) ワイヤレスイヤホン MV7N2J/A S5-76 即日発送,19400
1004,即決！ Apple AirPods with Wireless Charging Case (第2世代・最新モデル) MRXJ2J/A 新品未開封,24800
1005,【送料無料 】新品未開封Apple AirPods 第２世代正規品 エアポッズ Bluetooth ③,20000
1006,【新品未開封】Apple AirPods 第２世代 MRXJ2J/A,24000
1007,Apple純正 AirPods 第2世代 左 イヤホン MV7N2J/A 左耳のみ 新品未使用品,7500
1008,Apple純正 AirPods 第2世代 右 イヤホン MV7N2J/A 右耳のみ 新品未使用品,7500
1009,■■■■■送料無料■最新モデル第2世代■Apple AirPods■MV7N2J/A■正規純正品■新品未開封■■■■■■■,20497
1010,新品未使用 Apple純正 AirPods MV7N2J/A 充電ケースのみ 第2世代,7700
1011,新品 未開封 Apple AirPods with ChargingCase (第2世代) ワイヤレスイヤホン MV7N2J/A S5-76 即日発送,19400
1012,【送料無料 】新品未開封Apple AirPods 第２世代正規品 エアポッズ Bluetooth ②,20000
1013,送料無料即決新品新製品 Apple アップル第2世代AirPods （エアポッド） with Charging CaseMV7N2J/Aワイヤレスイヤホン,20980
1014,Apple純正 AirPods 第2世代 イヤホン MV7N2J/A 充電ケース＋lighteningケーブルのみ イヤホン無し 新品未使用品,8400
1015,新品 未開封 第2世代 第二世代 Apple AirPodswith Charging Case MV7N2J/A,21000
1016,新品 新型 第2世代 Apple AirPods with Wireless Charging Case ワイヤレスチャージ アップル エアーポッズ MRXJ2J/A 購入レシートあり,25480
1017,○新品・即発送○AirPods (エアーポッズ/第2世代) with Charging Case 2019年 新型 MV7N2J/A,21000
1018,Apple純正 AirPods 第2世代 イヤホン MV7N2J/A 充電ケース＋lighteningケーブルのみ イヤホン無し 新品未使用品,8400
1019,Apple(アップル) AirPods with Charging Case MV7N2J/A 第2世代 Bluetooth ワイヤレスイヤホン 本体 未開封新品,20300
1020,Apple AirPods with Charging Case MV7N2J/A エアーポッズ 第2世代 ワイヤレスイヤホン アップル 新品即決,20000
1021,新品未開封 AirPods 第2世代 Apple MV7N2J/A AirPods with Charging Case エアポッズ アップル,20300
1022,★新品・即発送★AirPods (エアーポッズ/第2世代) with Charging Case 2019年 新型 MV7N2J/A,20700
1023,★新品・即発送★AirPods (エアーポッズ/第2世代) with Charging Case 2019年 新型 MV7N2J/A,20700
1024,【新品未開封】 第2世代MV7N2J/A AirPods エアーポッズアップル 国内正規品,21500
1025,Apple AirPods with Charging Case MV7N2J/A 第2世代 ワヤレスイヤホン 新品未開封 送料無料,20500
1026,◆送料無料◆新品 AirPods◆ MRXJ2J/A ◆ビックカメラ保証書付◆第2世代 with Wireless Charging Case◆2019年最新モデル,24900
1027,2019年 新品 AirPods MRXJ2/A（第2世代),24000
1028,Apple AirPods with Charging Case MV7N2J/A エアーポッズ 第2世代 ワイヤレスイヤホン アップル 新品即決,20000
1029,□AirPods with Charging Case MV7N2J/A 第2世代 【送料無料】Bluetooth ワイヤレスイヤフォン 未開封新品Apple(アップル) Sundayくじ,20400
1030,【新品未開封】第2世代 Apple AirPodswith Charging Case MV7N2J/A,20000
1031,★アップル エアポッズ 第2世代 AirPods with Charging Case MV7N2J/A 新品未開封 即納・送料込み♪,21020
1032,新品・即発送AirPods (エアーポッズ/第2世代) with Charging Case 2019年 新型 MV7N2J/A,20000
1033,Apple正規品AirPods新品MV7N2J/Aエアポッズ 保証書あり第2世代最新モデル,20500
1034,Apple AirPods with Charging Case MV7N2J/A エアーポッズ 第2世代 ワイヤレスイヤホン アップル 新品即決,20000
1035,【新品・未開封・未使用品】最新モデル！！ 第2世代■Apple AirPods■MV7N2J/A■正規純正品■【格安】,21000
1036,[送料無料][新品未開封][保証あり]Apple AirPods with Charging Case (第2世代) アップル エアーポッズ 完全ワイヤレスイヤホン MV7N2J/A,20690
1037,【送料無料新品、未使用、保証書付】Airpods エアーポッズ 第２世代MRXJ2J/A,24200
1038,♪AirPods with Charging Case MV7N2J/A 第2世代 【送料無料】Bluetooth ワイヤレスイヤフォン 未開封新品Apple(アップル) Sundayくじ,20400
1039,■■■■■送料無料■最新モデル第2世代■Apple AirPods■MV7N2J/A■正規純正品■新品未開封■■■■■■,20477
1040,【第2世代】Apple AirPods MV7N2J/A 新品未開封 送料無料,20500
1041,■■■■■送料無料■最新モデル第2世代■Apple AirPods■MV7N2J/A■正規純正品■新品未開封■■■■■■■,20397
1042,■■■■■最新モデル第2世代■Apple AirPods■MV7N2J/A■正規純正品■新品未開封■■■■■■,19997
1043,新品 送料無料 AirPods MV7N2J/A 第2世代,21000
1044,即決 新品未開封 送料込 Apple AirPods2 MV7N2J/A アップル エアーポッズ 第2世代 ワイヤレスイヤホン,20500
1045,●AirPods with Charging Case MV7N2J/A 第2世代 【送料無料】Bluetooth ワイヤレスイヤフォン 未開封新品Apple(アップル) Sundayくじ,20400
1046,【送料無料】【新品未開封品】第2世代MV7N2J/A AirPods with Charging Case,21000
1047,★新品・送料無料即発送★AirPods (エアーポッズ/第2世代) with Charging Case 2019年 新型 MV7N2J/A,20490
1048,【送料無料 】新品未開封Apple AirPods 第２世代正規品 エアポッズ Bluetooth ①,20000
1049,Apple(アップル) AirPods with Wireless Charging Case MRXJ2J/A 第2世代 Bluetooth ワイヤレスイヤホン 本体 未開封新品,24100
1050,Apple AirPods with Charging Case MV7N2J/A エアーポッズ 第2世代 ワイヤレスイヤホン アップル 新品即決,20000
1051,Apple(アップル) AirPods with Wireless Charging Case MRXJ2J/A 第2世代 Bluetooth ワイヤレスイヤホン 本体 未開封新品,24100
1052,即決 新品未開封 送料込 Apple AirPods2 MV7N2J/A アップル エアーポッズ 第2世代 ワイヤレスイヤホン 納品書同封,20480
1053,☆新品☆ アップル Apple AirPods with Charging Case MV7N2J/A 第２世代 ワイヤレスイヤホン 送料無料！,18980
1054,★新品・即発送★AirPods (エアーポッズ/第2世代) with Charging Case 2019年 新型 MV7N2J/A,20700
1055,最新モデル 第2世代 新品未開封 エアポッズ Apple AirPods with Wireless Charging Case MRXJ2J/A,23800
1056,◆AirPods with Charging Case MV7N2J/A 第2世代 【送料無料】Bluetooth ワイヤレスイヤフォン 未開封新品Apple(アップル) Sundayくじ,20400
1057,■■■■■送料無料■最新モデル第2世代■Apple AirPods■MV7N2J/A■正規純正品■新品未開封■■■■■■,20397
1058,新品未開封 Apple AirPods with Wireles Charging case 第2世代 AirPods MRXJ2J/A ワイヤレスイヤホン 送料無料,24400
1059,★新品・送料無料即発送★AirPods (エアーポッズ/第2世代) with Charging Case 2019年 新型 MV7N2J/A,20490
1060,新品 送料無料 アップル Apple AirPods エアーポッズ 第2世代 with Charging Case 2019年 新型 MV7N2J/A,20000
1061,Apple AirPods with Charging Case MV7N2J/A 第2世代 ワヤレスイヤホン 新品未開封 送料無料,20000
1062,新品 未開封 AirPods with Charging Case Apple 純正 ワイヤレスイヤホン MV7N2J/A 第2世代,20000
1063,新品 未開封 Apple AirPods with ChargingCase (第2世代) ワイヤレスイヤホン MV7N2J/A S5-76 即日発送 ☆,19400
1064,新品 未開封 Apple AirPods with ChargingCase (第2世代) ワイヤレスイヤホン MV7N2J/A S5-76 即日発送,19400
1065,新品未開封 AirPods MV7N2J/A 第2世代,18900
1066,新品未使用 Apple純正 AirPods MV7N2J/A 充電ケースのみ 第2世代,9200
1067,■■■■■送料無料■最新モデル第2世代■Apple AirPods■MV7N2J/A■正規純正品■新品未開封■■■■■■,20397
1068,新品 送料無料 アップル Apple AirPods エアーポッズ 第2世代 with Charging Case 2019年 新型 MV7N2J/A,20500
1069,Apple(アップル) AirPods with Charging Case MV7N2J/A 第2世代 Bluetooth ワイヤレスイヤホン 本体 未開封新品,20000
1070,★新品・即発送★AirPods (エアーポッズ/第2世代) with Charging Case 2019年 新型 MV7N2J/A,20500
1071,Apple純正 AirPods 第2世代 イヤホン MV7N2J/A 充電ケース＋lighteningケーブルのみ イヤホン無し 新品未使用品,8500
1072,【新品】未開封 即決 Apple AirPods 第2世代 AirPods MRXJ2J/A 完全ワイヤレスイヤホン Bluetooth マイク付き 新型 送料無料②,22001
1073,新品Apple純正 AirPods (第2世代) with Wireless Charging Case 2019年 ブルートゥースイヤホンMRXJ2J/A 購入証明書付き！,24000
1074,■■■■■送料無料■最新モデル第2世代■Apple AirPods■MV7N2J/A■正規純正品■新品未開封■■■■■■,20497
1075,【新品】未開封 即決 Apple AirPods 第2世代 AirPods MRXJ2J/A 完全ワイヤレスイヤホン Bluetooth マイク付き 新型 送料無料④,23500
1076,Apple純正 AirPods 第2世代 イヤホン MV7N2J/A新品同様保護ケース付き※送料無料アップルエアポッズ,20500
1077,新品未使用 右耳のみ Apple純正 AirPods イヤホン MV7N2J/A 第2世代,7800
1078,★AirPods with Charging Case MV7N2J/A 第2世代 【送料無料】Bluetooth ワイヤレスイヤフォン 未開封新品Apple(アップル) Sundayくじ,19990
1079,【第2世代】Apple AirPods MV7N2J/A 新品未開封 送料無料,21000
1080,【新品・送料無料】即決 Apple AirPods 第2世代 AirPods MV7N2J/A 完全ワイヤレスイヤホン Bluetooth マイク付き,20500
1081,Apple AirPods with Wireless Charging Case (第2世代・最新モデル) MRXJ2J/A 新品未開封,24800
1082,♪送料無料♪レシート付き 保証あり 新品未開封 AirPods 第2世代 Apple MRXJ2J/A AirPods with Wireless Charging Case,25800
1083,■■■■■最新モデル第2世代■Apple AirPods■MV7N2J/A■正規純正品■新品未開封■■■■■■,19997
1084,Apple AirPods 新品未開封 MV7N2J/A 第２世代,20000
1085,【送料無料】【新品未使用品】第２世代Apple純正 airpods右のみR 国内正規品 右耳,7600
1086,★新品未開封 送料無料★ APPLE 正規品 AirPods (第2世代) with Charging Case ワイヤレスイヤホン MV7N2J/A新型,20000
1087,Apple純正 AirPods 第2世代 イヤホン MV7N2J/A 充電ケース＋lighteningケーブルのみ イヤホン無し 新品未使用品,8500
1088,【送料無料】【新品未使用品】第２世代Apple純正 airpods右のみR 国内正規品 右耳,7600
1089,Apple(アップル) AirPods with Charging Case MV7N2J/A 第2世代 Bluetooth ワイヤレスイヤホン 本体 未開封新品,19700
1090,【送料無料】【新品未使用】第２世代Apple純正 airpods左のみL 国内正規品 左耳,7600
1091,★新品・即発送★AirPods (エアーポッズ/第2世代) with Charging Case 2019年 新型 MV7N2J/A,18999
1092,Apple純正 AirPods 第2世代 イヤホン MV7N2J/A 充電ケース＋lighteningケーブルのみ イヤホン無し 新品未使用品,8500
1093,新品未開封 AirPods 第2世代 Apple MV7N2J/A AirPods with Charging Case エアポッズ アップル,20300
1094,Apple AirPods with Charging Case MV7N2J/A エアーポッズ 第2世代 ワイヤレスイヤホン アップル 新品即決,20400
1095,新品 未開封 MV7N2J/A AirPods with Charging Case 第2世代 ワイヤレスイヤホン,21000
1096,【第2世代】Apple AirPods MV7N2J/A 新品未開封送料無料,19800
1097,【新品未開封】第2世代 Apple AirPodswith Charging Case MV7N2J/A,20000
1098,新品未使用 Apple純正 AirPods MV7N2J/A 充電ケースのみ 第2世代,7500
1099,Apple(アップル) AirPods with Charging Case MV7N2J/A 第2世代 Bluetooth ワイヤレスイヤホン 本体 未開封新品,19700
1100,【新品 未開封 匿名送料無料】 MV7N2J/A AirPods with Charging Case 第2世代 ワイヤレスイヤホン②,20001
1101,【送料無料】【新品未使用】第２世代Apple純正 airpods左のみL 国内正規品 左耳,7600
1102,【送料無料】【新品未使用品】第２世代Apple純正 airpods右のみR 国内正規品 右耳,7600
1103,■■■■■送料無料■最新モデル第2世代■Apple AirPods■MV7N2J/A■正規純正品■新品未開封■■■■■■,20497
1104,"残り5台!! 早いもの勝ち!! 即決20,000円 新品未開封品 第2世代 AirPods with Charging Case MV7N2J/A ワイヤレスイヤホン",20000
1105,■■■■■最新モデル第2世代■Apple AirPods■MV7N2J/A■正規純正品■新品未開封■■■■■■,19997
1106,★新品・即発送★AirPods (エアーポッズ/第2世代) with Charging Case 2019年 新型 MV7N2J/A,20400
1107,★☆【未開封新品】送料無料 新品 Apple第2世代AirPods（エアポッド） with Wireless Charging CaseMRXJ2J/Aワイヤレスイヤホン☆★,25100
1108,Apple(アップル) AirPods with Charging Case MV7N2J/A 第2世代 Bluetooth ワイヤレスイヤホン 本体 未開封新品,19700
1109,即決 新品未開封 送料込 Apple AirPods2 MV7N2J/A アップル エアーポッズ 第2世代 ワイヤレスイヤホン,20500
1110,【新品 未開封】 MV7N2J/A AirPods with Charging Case 第2世代 ワイヤレスイヤホン,20000
1111,第2世代新品未開封Apple AirPodswith Charging CaseMV7N2J/A ②,19500
1112,MV7N2J/A AirPods with Charging Case 第2世代 ワイヤレスイヤホン 新品・未開封,19000
1113,★エアポッズ第2世代★Air pods whth charging caseアップルイヤフォン★MV7N2J/A新品未開封品!!,20000
1114,【新品未開封】第2世代 Apple AirPodswith Charging Case MV7N2J/A,20000
1115,即決！ Apple AirPods with Wireless Charging Case (第2世代・最新モデル) MRXJ2J/A 新品未開封,25000
1116,【送料無料】【新品未使用】第２世代Apple純正 airpods左のみL 国内正規品 左耳,7600
1117,新品未使用・未開封 AirPods2（第2世代）with Charging Case MV7N2J/A,19800
1118,第2世代新品未開封Apple AirPodswith Charging CaseMV7N2J/A,19500
1119,Apple(アップル) AirPods with Wireless Charging Case MRXJ2J/A 第2世代 Bluetooth ワイヤレスイヤホン 本体 未開封新品,24100
1120,【新品】未開封 即決 Apple AirPods 第2世代 AirPods MRXJ2J/A 完全ワイヤレスイヤホン Bluetooth マイク付き 新型 送料無料③,26800
1121,【新品未開封】Apple Airpods with Charging Case第2世代 MV7N2J/A アップル エアーポッズ,20000
1122,★新品未開封 送料無料★ APPLE 正規品 AirPods (第2世代) with Charging Case ワイヤレスイヤホン MV7N2J/A新型,20500
1123,■■■■■送料無料■最新モデル第2世代■Apple AirPods■MV7N2J/A■正規純正品■新品未開封■■■■■■,20497
1124,【送料無料】【新品未使用】第２世代Apple純正 airpods左のみL 国内正規品 左耳,7900
1125,■■■■■最新モデル第2世代■Apple AirPods■MV7N2J/A■正規純正品■新品未開封■■■■■■,19997
1126,Apple(アップル) AirPods with Charging Case MV7N2J/A 第2世代 Bluetooth ワイヤレスイヤホン 本体 未開封新品,19700
1127,【送料無料】【新品未使用品】第２世代Apple airpods 両耳セット 国内正規品 MV7N2J/A,14900
1128,新品未使用・未開封 AirPods2（第2世代）with Charging Case MV7N2J/A,19800
1129,第2世代モデル「AirPods with Wireless Charging Case」MRXJ2J/A 新品未開封,23500
1130,即決 新品未開封 送料込 Apple AirPods2 MV7N2J/A アップル エアーポッズ 第2世代 ワイヤレスイヤホン,20500
1131,★新品未開封 送料無料★ APPLE 正規品 AirPods (第2世代) with Charging Case ワイヤレスイヤホン MV7N2J/A新型,20000
1132,■■■■■送料無料■最新モデル第2世代■Apple AirPods■MV7N2J/A■正規純正品■新品未開封■■■■■■,20497
1133,Apple純正 AirPods 第2世代 左 イヤホン MV7N2J/A 左耳のみ 新品未使用品,7700
1134,Apple純正 AirPods 第2世代 イヤホン MV7N2J/A 充電ケース＋lighteningケーブルのみ イヤホン無し 新品未使用品,8500
1135,【新品】未開封 即決 Apple AirPods 第2世代 AirPods MRXJ2J/A 完全ワイヤレスイヤホン Bluetooth マイク付き 新型 送料無料①,26800
1136,【新品未開封 送料無料】Apple Airpods with Charging Case第2世代 MV7N2J/A,19800
1137,【新品 未開封 送料無料】 MV7N2J/A AirPods with Charging Case 第2世代 ワイヤレスイヤホン,20500
1138,☆Apple AirPods with Charging Case MV7N2J/A 第2世代 最新モデル 新品未開封 送料無料☆,19800
1139,【送料無料】【新品未使用品】第２世代Apple airpods 両耳セット 国内正規品 MV7N2J/A,14900
1140,新品Apple純正AirPods (第2世代) with Wireless Charging Case 2019 ブルートゥースイヤホンMRXJ2J/A送料込,25500
1141,【新品未開封】第2世代 Apple AirPodswith Charging Case MV7N2J/A,20000
1142,新品未使用・未開封 AirPods2（第2世代）with Charging Case MV7N2J/A,19800
1143,"残り3台！！即決20,000円 新品未開封品 第2世代 AirPods with Charging Case MV7N2J/A ワイヤレスイヤホン",20000
1144,新品未開封 AirPods MV7N2J/A 第2世代,19800
1145,新品未開封2019年 新型 apple アップル エアーポッズ第2世代 with Wireless Charging Case MRXJ2J/A ■ビックカメラ保証書付き,24900
1146,■■■■■送料無料■最新モデル第2世代■Apple AirPods■MV7N2J/A■正規純正品■新品未開封■■■■■■,20497
1147,即決 新品未開封 Apple AirPods2 MV7N2J/A アップル エアーポッズ 第2世代 ワイヤレスイヤホン,19800
1148,Apple AirPods 第2世代 新品未開封 イヤホン,20000
1149,新品未使用・未開封 AirPods2（第2世代）with Charging Case MV7N2J/A,19800
1150,新品未開封 Apple AirPods MMEF2CH/A 第2世代ワイヤレス充電 アップル イヤホン,17000
1151,新品未開封Apple純正 AirPods (第2世代) with Charging Case 2019年 ブルートゥースイヤホン MV7N2J/A,18800
1152,【新品 未開封 匿名送料無料】 MV7N2J/A AirPods with Charging Case 第2世代 ワイヤレスイヤホン,21500
1153,Apple(アップル) AirPods with Charging Case MV7N2J/A 第2世代 Bluetooth ワイヤレスイヤホン 本体 未開封新品,19800
1154,■■■■■送料無料■最新モデル第2世代■Apple AirPods■MV7N2J/A■正規純正品■新品未開封■■■■■■,20477
1155,『送料無料』新品未使用・未開封 AirPods2（第2世代）with Charging Case MV7N2J/A,20480
1156,【新品未開封】 AirPods (エアーポッズ/第2世代) with Wireless Charging Case 2019年 新型 MRXJ2J/A 純正 送料無料,24800
1157,新品未使用・未開封 AirPods2（第2世代）with Charging Case MV7N2J/A,19800
1158,第2世代新品未開封Apple AirPodswith Charging CaseMV7N2J/A ②,19500
1159,★新品★色黒 AhaStyle AirPods ケース AirPods第2世代と第1世代に適用 (前のLEDライトが見える) シリ,539
1160,第2世代新品未開封Apple AirPodswith Charging CaseMV7N2J/A,21500
